\total_sale_amount\;\total_fee_amount\;\total_return_amount\;\total_settlement_amount\;\payment_reference\;\settlement_currency\;\payout_date\;\merchant_id\;\merchant_settlement_type\
\43969.95\;\703.31\;\15287.49\;\27979.15\;\82242267\;\EUR\;\2021-02-01T00:00:00.000+00:00\;\K444444\;\NET\
\type\;\capture_date\;\capture_id\;\amount\;\posting_currency\;\refund_id\;\detailed_type\;\event_code\
\FEE\;\2020-01-01T12:26:46.000+00:00\;\11db360b111e\;\4.03\;\EUR\;\\;\PURCHASE_FEE_PERCENTAGE\;\107\
\FEE\;\2021-01-02T05:48:03.000+00:00\;\a6691dd99235\;\2\;\EUR\;\\;\PURCHASE_FEE_PERCENTAGE\;\107\
\FEE\;\2021-01-02T09:28:01.000+00:00\;\6c8be4e67217\;\4.45\;\EUR\;\\;\PURCHASE_FEE_PERCENTAGE\;\107\
\FEE\;\2021-01-02T12:40:34.000+00:00\;\4f36b8da4ad8\;\2.38\;\EUR\;\\;\PURCHASE_FEE_PERCENTAGE\;\107\
\FEE\;\2021-01-02T12:43:57.000+00:00\;\0b1e5ccfaf9f\;\5.68\;\EUR\;\\;\PURCHASE_FEE_PERCENTAGE\;\107\
\FEE\;\2021-01-03T05:26:00.000+00:00\;\02698ec3d19c\;\1.89\;\EUR\;\\;\PURCHASE_FEE_PERCENTAGE\;\107\
\FEE\;\2021-01-03T07:21:33.000+00:00\;\3ee1f4b74379\;\0.48\;\EUR\;\\;\PURCHASE_FEE_PERCENTAGE\;\107\
\FEE\;\2021-01-03T07:47:54.000+00:00\;\a2abc19a2f33\;\4.29\;\EUR\;\\;\PURCHASE_FEE_PERCENTAGE\;\107\
\FEE\;\2021-01-03T11:00:51.000+00:00\;\a9108896be7f\;\2.06\;\EUR\;\\;\PURCHASE_FEE_PERCENTAGE\;\107\
\FEE\;\2021-01-03T12:02:45.000+00:00\;\8a660ce2b2c1\;\2.56\;\EUR\;\\;\PURCHASE_FEE_PERCENTAGE\;\107\
\FEE\;\2021-01-04T06:04:40.000+00:00\;\bee180c47adc\;\3.82\;\EUR\;\\;\PURCHASE_FEE_PERCENTAGE\;\107\
\FEE\;\2021-01-04T08:11:14.000+00:00\;\74f41f98c4b6\;\4.89\;\EUR\;\\;\PURCHASE_FEE_PERCENTAGE\;\107\
\FEE\;\2021-01-04T08:25:48.000+00:00\;\c311d1dddee8\;\2.19\;\EUR\;\\;\PURCHASE_FEE_PERCENTAGE\;\107\
\FEE\;\2021-01-04T08:31:23.000+00:00\;\533b6a08f230\;\0.99\;\EUR\;\\;\PURCHASE_FEE_PERCENTAGE\;\107\
\FEE\;\2021-01-04T09:59:48.000+00:00\;\766b96c740fe\;\2.42\;\EUR\;\\;\PURCHASE_FEE_PERCENTAGE\;\107\
\FEE\;\2021-01-04T10:40:15.000+00:00\;\e02e8a828ad4\;\5.41\;\EUR\;\\;\PURCHASE_FEE_PERCENTAGE\;\107\
\FEE\;\2021-01-04T11:42:45.000+00:00\;\e27e582c96ee\;\2.46\;\EUR\;\\;\PURCHASE_FEE_PERCENTAGE\;\107\
\FEE\;\2021-01-04T17:09:21.000+00:00\;\44458ab7805b\;\2.46\;\EUR\;\\;\PURCHASE_FEE_PERCENTAGE\;\107\
\FEE\;\2021-01-04T19:04:49.000+00:00\;\253d5f2072ad\;\1.5\;\EUR\;\\;\PURCHASE_FEE_PERCENTAGE\;\107\
\FEE\;\2021-01-05T05:33:11.000+00:00\;\af637c22744b\;\2.22\;\EUR\;\\;\PURCHASE_FEE_PERCENTAGE\;\107\
\FEE\;\2021-01-05T07:30:47.000+00:00\;\c57e291f3416\;\2.45\;\EUR\;\\;\PURCHASE_FEE_PERCENTAGE\;\107\
\FEE\;\2021-01-05T08:42:30.000+00:00\;\bc0a6ec150f0\;\3.98\;\EUR\;\\;\PURCHASE_FEE_PERCENTAGE\;\107\
\FEE\;\2021-01-05T10:08:06.000+00:00\;\024c64f227d5\;\2.93\;\EUR\;\\;\PURCHASE_FEE_PERCENTAGE\;\107\
\FEE\;\2021-01-05T10:09:07.000+00:00\;\2e64801016d9\;\9.15\;\EUR\;\\;\PURCHASE_FEE_PERCENTAGE\;\107\
\FEE\;\2021-01-05T10:09:29.000+00:00\;\3a9e2cae3f99\;\2.93\;\EUR\;\\;\PURCHASE_FEE_PERCENTAGE\;\107\
\FEE\;\2021-01-05T10:50:47.000+00:00\;\2b2945dd6649\;\0.94\;\EUR\;\\;\PURCHASE_FEE_PERCENTAGE\;\107\
\FEE\;\2021-01-05T10:54:15.000+00:00\;\be4ea3c042a9\;\1.62\;\EUR\;\\;\PURCHASE_FEE_PERCENTAGE\;\107\
\FEE\;\2021-01-05T20:17:23.000+00:00\;\bbc5768fd430\;\0.48\;\EUR\;\\;\PURCHASE_FEE_PERCENTAGE\;\107\
\FEE\;\2021-01-05T22:52:14.000+00:00\;\6ab06e7f7515\;\1.81\;\EUR\;\\;\PURCHASE_FEE_PERCENTAGE\;\107\
\FEE\;\2021-01-06T08:28:31.000+00:00\;\a653d82eec7e\;\0.19\;\EUR\;\\;\PURCHASE_FEE_PERCENTAGE\;\107\
\FEE\;\2021-01-06T09:37:03.000+00:00\;\9031a811dc0e\;\2.56\;\EUR\;\\;\PURCHASE_FEE_PERCENTAGE\;\107\
\FEE\;\2021-01-06T09:42:16.000+00:00\;\ac01655933e9\;\2.56\;\EUR\;\\;\PURCHASE_FEE_PERCENTAGE\;\107\
\FEE\;\2021-01-06T10:08:04.000+00:00\;\8d8bff4c991d\;\2.45\;\EUR\;\\;\PURCHASE_FEE_PERCENTAGE\;\107\
\FEE\;\2021-01-06T13:08:45.000+00:00\;\373e66bbe381\;\2.45\;\EUR\;\\;\PURCHASE_FEE_PERCENTAGE\;\107\
\FEE\;\2021-01-07T10:14:11.000+00:00\;\606de22c47d6\;\2.22\;\EUR\;\\;\PURCHASE_FEE_PERCENTAGE\;\107\
\FEE\;\2021-01-07T10:41:56.000+00:00\;\167b109a8133\;\1.33\;\EUR\;\\;\PURCHASE_FEE_PERCENTAGE\;\107\
\FEE\;\2021-01-07T10:43:58.000+00:00\;\23282badb224\;\1.22\;\EUR\;\\;\PURCHASE_FEE_PERCENTAGE\;\107\
\FEE\;\2021-01-07T10:52:10.000+00:00\;\afa6fd80c0fb\;\2.86\;\EUR\;\\;\PURCHASE_FEE_PERCENTAGE\;\107\
\FEE\;\2021-01-07T14:13:32.000+00:00\;\efca6ea29d92\;\1.9\;\EUR\;\\;\PURCHASE_FEE_PERCENTAGE\;\107\
\FEE\;\2021-01-07T15:38:56.000+00:00\;\85a8914011fc\;\2.9\;\EUR\;\\;\PURCHASE_FEE_PERCENTAGE\;\107\
\FEE\;\2021-01-07T16:16:34.000+00:00\;\5c3e38838ed0\;\4\;\EUR\;\\;\PURCHASE_FEE_PERCENTAGE\;\107\
\FEE\;\2021-01-07T16:37:20.000+00:00\;\c7b6fa15f93d\;\2.11\;\EUR\;\\;\PURCHASE_FEE_PERCENTAGE\;\107\
\FEE\;\2021-01-07T18:09:42.000+00:00\;\829358b6e85a\;\2.7\;\EUR\;\\;\PURCHASE_FEE_PERCENTAGE\;\107\
\FEE\;\2021-01-07T18:30:43.000+00:00\;\848d2fe12614\;\3.17\;\EUR\;\\;\PURCHASE_FEE_PERCENTAGE\;\107\
\FEE\;\2021-01-08T11:14:55.000+00:00\;\e75f48cdff7e\;\2.11\;\EUR\;\\;\PURCHASE_FEE_PERCENTAGE\;\107\
\FEE\;\2021-01-08T17:24:31.000+00:00\;\f2c5403bd042\;\3.61\;\EUR\;\\;\PURCHASE_FEE_PERCENTAGE\;\107\
\FEE\;\2021-01-09T12:11:53.000+00:00\;\41238cf969d4\;\2.56\;\EUR\;\\;\PURCHASE_FEE_PERCENTAGE\;\107\
\FEE\;\2021-01-10T06:33:04.000+00:00\;\c9536ea5a694\;\2.7\;\EUR\;\\;\PURCHASE_FEE_PERCENTAGE\;\107\
\FEE\;\2021-01-10T07:33:02.000+00:00\;\9bb345c12a23\;\2.7\;\EUR\;\\;\PURCHASE_FEE_PERCENTAGE\;\107\
\FEE\;\2021-01-10T08:58:47.000+00:00\;\6d2a6920f488\;\1.5\;\EUR\;\\;\PURCHASE_FEE_PERCENTAGE\;\107\
\FEE\;\2021-01-10T12:27:17.000+00:00\;\4baaf5d192fa\;\0.19\;\EUR\;\\;\PURCHASE_FEE_PERCENTAGE\;\107\
\FEE\;\2021-01-11T08:04:43.000+00:00\;\4897c4500127\;\2.11\;\EUR\;\\;\PURCHASE_FEE_PERCENTAGE\;\107\
\FEE\;\2021-01-11T08:49:43.000+00:00\;\ef3848de9a2f\;\2.03\;\EUR\;\\;\PURCHASE_FEE_PERCENTAGE\;\107\
\FEE\;\2021-01-11T08:54:30.000+00:00\;\d888dddc7949\;\1.89\;\EUR\;\\;\PURCHASE_FEE_PERCENTAGE\;\107\
\FEE\;\2021-01-11T09:07:52.000+00:00\;\a4e42941933d\;\1.81\;\EUR\;\\;\PURCHASE_FEE_PERCENTAGE\;\107\
\FEE\;\2021-01-11T09:18:07.000+00:00\;\61750d20bba1\;\1.82\;\EUR\;\\;\PURCHASE_FEE_PERCENTAGE\;\107\
\FEE\;\2021-01-11T09:21:08.000+00:00\;\85ba542870e6\;\2.03\;\EUR\;\\;\PURCHASE_FEE_PERCENTAGE\;\107\
\FEE\;\2021-01-11T13:03:18.000+00:00\;\03fec1a2735c\;\1.9\;\EUR\;\\;\PURCHASE_FEE_PERCENTAGE\;\107\
\FEE\;\2021-01-11T15:38:11.000+00:00\;\f9be52d7dbd3\;\1.78\;\EUR\;\\;\PURCHASE_FEE_PERCENTAGE\;\107\
\FEE\;\2021-01-12T09:55:23.000+00:00\;\67bcb9499540\;\0.86\;\EUR\;\\;\PURCHASE_FEE_PERCENTAGE\;\107\
\FEE\;\2021-01-12T19:03:10.000+00:00\;\2f300292d2d5\;\0.25\;\EUR\;\\;\PURCHASE_FEE_PERCENTAGE\;\107\
\FEE\;\2021-01-12T19:29:57.000+00:00\;\3a7ef2413a58\;\5.13\;\EUR\;\\;\PURCHASE_FEE_PERCENTAGE\;\107\
\FEE\;\2021-01-13T11:26:29.000+00:00\;\6814dfd27848\;\2.22\;\EUR\;\\;\PURCHASE_FEE_PERCENTAGE\;\107\
\FEE\;\2021-01-13T15:38:00.000+00:00\;\efb1c7b1de55\;\1.74\;\EUR\;\\;\PURCHASE_FEE_PERCENTAGE\;\107\
\FEE\;\2021-01-13T18:09:34.000+00:00\;\761d3bd9f887\;\0.14\;\EUR\;\\;\PURCHASE_FEE_PERCENTAGE\;\107\
\FEE\;\2021-01-13T20:07:53.000+00:00\;\df686b272e46\;\2.02\;\EUR\;\\;\PURCHASE_FEE_PERCENTAGE\;\107\
\FEE\;\2021-01-13T23:37:36.000+00:00\;\2b4b59be0463\;\4.29\;\EUR\;\\;\PURCHASE_FEE_PERCENTAGE\;\107\
\FEE\;\2021-01-14T07:33:54.000+00:00\;\bdc7c56af579\;\2.93\;\EUR\;\\;\PURCHASE_FEE_PERCENTAGE\;\107\
\FEE\;\2021-01-14T11:54:24.000+00:00\;\4b5368998f59\;\3.68\;\EUR\;\\;\PURCHASE_FEE_PERCENTAGE\;\107\
\FEE\;\2021-01-14T11:57:19.000+00:00\;\47b813ad6430\;\2.06\;\EUR\;\\;\PURCHASE_FEE_PERCENTAGE\;\107\
\FEE\;\2021-01-14T14:13:26.000+00:00\;\33454164d4ba\;\1.34\;\EUR\;\\;\PURCHASE_FEE_PERCENTAGE\;\107\
\FEE\;\2021-01-14T15:15:00.000+00:00\;\ffecc7591d95\;\3.18\;\EUR\;\\;\PURCHASE_FEE_PERCENTAGE\;\107\
\FEE\;\2021-01-15T09:58:45.000+00:00\;\b63c318afcee\;\0.78\;\EUR\;\\;\PURCHASE_FEE_PERCENTAGE\;\107\
\FEE\;\2021-01-15T11:27:38.000+00:00\;\f6cd6d8f0ff2\;\1.22\;\EUR\;\\;\PURCHASE_FEE_PERCENTAGE\;\107\
\FEE\;\2021-01-15T11:28:39.000+00:00\;\e87855d3f82e\;\2.22\;\EUR\;\\;\PURCHASE_FEE_PERCENTAGE\;\107\
\FEE\;\2021-01-15T11:29:15.000+00:00\;\b6d1fe21958d\;\2.45\;\EUR\;\\;\PURCHASE_FEE_PERCENTAGE\;\107\
\FEE\;\2021-01-15T11:36:46.000+00:00\;\42c3578d000b\;\7.85\;\EUR\;\\;\PURCHASE_FEE_PERCENTAGE\;\107\
\FEE\;\2021-01-15T14:03:26.000+00:00\;\635f9655be09\;\2.22\;\EUR\;\\;\PURCHASE_FEE_PERCENTAGE\;\107\
\FEE\;\2021-01-15T16:53:10.000+00:00\;\92f31f0f851f\;\1.74\;\EUR\;\\;\PURCHASE_FEE_PERCENTAGE\;\107\
\FEE\;\2021-01-15T19:51:14.000+00:00\;\0b9b3073c683\;\1.42\;\EUR\;\\;\PURCHASE_FEE_PERCENTAGE\;\107\
\FEE\;\2021-01-15T22:10:14.000+00:00\;\b757d0ae8fa3\;\6.19\;\EUR\;\\;\PURCHASE_FEE_PERCENTAGE\;\107\
\FEE\;\2021-01-16T10:09:13.000+00:00\;\7399db5d0778\;\1.58\;\EUR\;\\;\PURCHASE_FEE_PERCENTAGE\;\107\
\FEE\;\2021-01-16T10:54:02.000+00:00\;\33159dd80361\;\3.02\;\EUR\;\\;\PURCHASE_FEE_PERCENTAGE\;\107\
\FEE\;\2021-01-17T05:44:03.000+00:00\;\203943c4d2f3\;\5.85\;\EUR\;\\;\PURCHASE_FEE_PERCENTAGE\;\107\
\FEE\;\2021-01-17T07:51:08.000+00:00\;\744cb4a57ae4\;\0.48\;\EUR\;\\;\PURCHASE_FEE_PERCENTAGE\;\107\
\FEE\;\2021-01-17T10:45:26.000+00:00\;\6dd915aa0d13\;\2.69\;\EUR\;\\;\PURCHASE_FEE_PERCENTAGE\;\107\
\FEE\;\2021-01-18T07:12:54.000+00:00\;\573eb6bd60d4\;\2.86\;\EUR\;\\;\PURCHASE_FEE_PERCENTAGE\;\107\
\FEE\;\2021-01-18T08:05:39.000+00:00\;\b72d74fb77c1\;\1.23\;\EUR\;\\;\PURCHASE_FEE_PERCENTAGE\;\107\
\FEE\;\2021-01-18T08:47:09.000+00:00\;\b0653213342c\;\8.99\;\EUR\;\\;\PURCHASE_FEE_PERCENTAGE\;\107\
\FEE\;\2021-01-18T09:46:49.000+00:00\;\6e63f1c4b9fa\;\0.48\;\EUR\;\\;\PURCHASE_FEE_PERCENTAGE\;\107\
\FEE\;\2021-01-18T10:12:24.000+00:00\;\02857d40f5dd\;\2.56\;\EUR\;\\;\PURCHASE_FEE_PERCENTAGE\;\107\
\FEE\;\2021-01-18T10:16:08.000+00:00\;\def984e44cd2\;\1.81\;\EUR\;\\;\PURCHASE_FEE_PERCENTAGE\;\107\
\FEE\;\2021-01-18T10:25:38.000+00:00\;\8ef999aab3fe\;\1.5\;\EUR\;\\;\PURCHASE_FEE_PERCENTAGE\;\107\
\FEE\;\2021-01-18T10:37:10.000+00:00\;\3401bd49ff79\;\0.9\;\EUR\;\\;\PURCHASE_FEE_PERCENTAGE\;\107\
\FEE\;\2021-01-18T10:39:36.000+00:00\;\c71b95d01ed3\;\1.39\;\EUR\;\\;\PURCHASE_FEE_PERCENTAGE\;\107\
\FEE\;\2021-01-18T11:05:05.000+00:00\;\d49cbfc0f3a2\;\3.66\;\EUR\;\\;\PURCHASE_FEE_PERCENTAGE\;\107\
\FEE\;\2021-01-18T11:20:20.000+00:00\;\5c29c998bbbc\;\1.81\;\EUR\;\\;\PURCHASE_FEE_PERCENTAGE\;\107\
\FEE\;\2021-01-18T18:07:30.000+00:00\;\1aa13dcc5609\;\0.13\;\EUR\;\\;\PURCHASE_FEE_PERCENTAGE\;\107\
\FEE\;\2021-01-18T19:51:32.000+00:00\;\a2be18de5a4b\;\0.25\;\EUR\;\\;\PURCHASE_FEE_PERCENTAGE\;\107\
\FEE\;\2021-01-19T07:31:47.000+00:00\;\e767cd748f67\;\1.58\;\EUR\;\\;\PURCHASE_FEE_PERCENTAGE\;\107\
\FEE\;\2021-01-19T09:22:05.000+00:00\;\adcbdd5b0fe7\;\3.69\;\EUR\;\\;\PURCHASE_FEE_PERCENTAGE\;\107\
\FEE\;\2021-01-19T09:52:50.000+00:00\;\52c3bae69934\;\1.52\;\EUR\;\\;\PURCHASE_FEE_PERCENTAGE\;\107\
\FEE\;\2021-01-19T16:01:25.000+00:00\;\27bd20af280b\;\2.38\;\EUR\;\\;\PURCHASE_FEE_PERCENTAGE\;\107\
\FEE\;\2021-01-20T10:11:56.000+00:00\;\20fba714bd77\;\2.45\;\EUR\;\\;\PURCHASE_FEE_PERCENTAGE\;\107\
\FEE\;\2021-01-20T19:00:56.000+00:00\;\e7a05a35b659\;\4.45\;\EUR\;\\;\PURCHASE_FEE_PERCENTAGE\;\107\
\FEE\;\2021-01-20T22:17:14.000+00:00\;\4339277953a0\;\1.81\;\EUR\;\\;\PURCHASE_FEE_PERCENTAGE\;\107\
\FEE\;\2021-01-21T09:53:28.000+00:00\;\3ca61bd6661b\;\3.66\;\EUR\;\\;\PURCHASE_FEE_PERCENTAGE\;\107\
\FEE\;\2021-01-21T10:04:50.000+00:00\;\638cb03e26ba\;\1.26\;\EUR\;\\;\PURCHASE_FEE_PERCENTAGE\;\107\
\FEE\;\2021-01-21T10:08:34.000+00:00\;\d498b155c4af\;\2.56\;\EUR\;\\;\PURCHASE_FEE_PERCENTAGE\;\107\
\FEE\;\2021-01-21T10:17:25.000+00:00\;\085a13aff7ac\;\1.74\;\EUR\;\\;\PURCHASE_FEE_PERCENTAGE\;\107\
\FEE\;\2021-01-21T10:20:25.000+00:00\;\3cc89ac02410\;\1.58\;\EUR\;\\;\PURCHASE_FEE_PERCENTAGE\;\107\
\FEE\;\2021-01-21T10:50:07.000+00:00\;\4999a11fcf57\;\2.56\;\EUR\;\\;\PURCHASE_FEE_PERCENTAGE\;\107\
\FEE\;\2021-01-21T14:31:18.000+00:00\;\120698d5582b\;\2.11\;\EUR\;\\;\PURCHASE_FEE_PERCENTAGE\;\107\
\FEE\;\2021-01-21T16:30:55.000+00:00\;\4ae48f5d332e\;\2.56\;\EUR\;\\;\PURCHASE_FEE_PERCENTAGE\;\107\
\FEE\;\2021-01-21T19:33:44.000+00:00\;\14f05891d85a\;\2.22\;\EUR\;\\;\PURCHASE_FEE_PERCENTAGE\;\107\
\FEE\;\2021-01-21T20:02:38.000+00:00\;\837d8b44a6b7\;\2.38\;\EUR\;\\;\PURCHASE_FEE_PERCENTAGE\;\107\
\FEE\;\2021-01-21T21:37:26.000+00:00\;\614aab4a1aa3\;\0.7\;\EUR\;\\;\PURCHASE_FEE_PERCENTAGE\;\107\
\FEE\;\2021-01-21T22:10:21.000+00:00\;\b16747da007f\;\5.23\;\EUR\;\\;\PURCHASE_FEE_PERCENTAGE\;\107\
\FEE\;\2021-01-22T05:29:04.000+00:00\;\c7d2e34bc971\;\3.82\;\EUR\;\\;\PURCHASE_FEE_PERCENTAGE\;\107\
\FEE\;\2021-01-22T08:00:05.000+00:00\;\1c0fe79ef46d\;\2.06\;\EUR\;\\;\PURCHASE_FEE_PERCENTAGE\;\107\
\FEE\;\2021-01-22T09:28:32.000+00:00\;\530c7db66e5e\;\2.56\;\EUR\;\\;\PURCHASE_FEE_PERCENTAGE\;\107\
\FEE\;\2021-01-22T09:31:45.000+00:00\;\5799d07f570f\;\4.37\;\EUR\;\\;\PURCHASE_FEE_PERCENTAGE\;\107\
\FEE\;\2021-01-22T09:33:16.000+00:00\;\5da89242db32\;\1.58\;\EUR\;\\;\PURCHASE_FEE_PERCENTAGE\;\107\
\FEE\;\2021-01-22T10:09:43.000+00:00\;\ca32a77011b5\;\2.42\;\EUR\;\\;\PURCHASE_FEE_PERCENTAGE\;\107\
\FEE\;\2021-01-22T11:09:36.000+00:00\;\d180822c5cee\;\1.81\;\EUR\;\\;\PURCHASE_FEE_PERCENTAGE\;\107\
\FEE\;\2021-01-22T21:37:53.000+00:00\;\9938db63930c\;\2.38\;\EUR\;\\;\PURCHASE_FEE_PERCENTAGE\;\107\
\FEE\;\2021-01-22T22:09:28.000+00:00\;\c9002d20ea57\;\2.46\;\EUR\;\\;\PURCHASE_FEE_PERCENTAGE\;\107\
\FEE\;\2021-01-23T08:41:40.000+00:00\;\aaf9c2a00a3c\;\1.42\;\EUR\;\\;\PURCHASE_FEE_PERCENTAGE\;\107\
\FEE\;\2021-01-23T09:11:58.000+00:00\;\a04fa2ee3e1f\;\2.86\;\EUR\;\\;\PURCHASE_FEE_PERCENTAGE\;\107\
\FEE\;\2021-01-23T09:26:51.000+00:00\;\919388dd4f24\;\1.42\;\EUR\;\\;\PURCHASE_FEE_PERCENTAGE\;\107\
\FEE\;\2021-01-23T09:41:55.000+00:00\;\f98123e83188\;\1.73\;\EUR\;\\;\PURCHASE_FEE_PERCENTAGE\;\107\
\FEE\;\2021-01-23T11:42:35.000+00:00\;\3ef4cfd1dc7d\;\3.18\;\EUR\;\\;\PURCHASE_FEE_PERCENTAGE\;\107\
\FEE\;\2021-01-24T09:05:37.000+00:00\;\15cc741addf2\;\6.72\;\EUR\;\\;\PURCHASE_FEE_PERCENTAGE\;\107\
\FEE\;\2021-01-24T11:40:19.000+00:00\;\9e105d732fee\;\6.67\;\EUR\;\\;\PURCHASE_FEE_PERCENTAGE\;\107\
\FEE\;\2021-01-25T07:17:53.000+00:00\;\1ac83905cfc2\;\2.38\;\EUR\;\\;\PURCHASE_FEE_PERCENTAGE\;\107\
\FEE\;\2021-01-25T08:12:23.000+00:00\;\9caf69411029\;\2.56\;\EUR\;\\;\PURCHASE_FEE_PERCENTAGE\;\107\
\FEE\;\2021-01-25T09:56:13.000+00:00\;\0b2fea50b058\;\1.26\;\EUR\;\\;\PURCHASE_FEE_PERCENTAGE\;\107\
\FEE\;\2021-01-25T09:57:51.000+00:00\;\39a6db17f8ab\;\0.99\;\EUR\;\\;\PURCHASE_FEE_PERCENTAGE\;\107\
\FEE\;\2021-01-25T09:59:32.000+00:00\;\603d36525967\;\1.39\;\EUR\;\\;\PURCHASE_FEE_PERCENTAGE\;\107\
\FEE\;\2021-01-25T10:11:23.000+00:00\;\45ef83f2b7d9\;\5.34\;\EUR\;\\;\PURCHASE_FEE_PERCENTAGE\;\107\
\FEE\;\2021-01-25T10:23:43.000+00:00\;\1a6b529850bb\;\5.69\;\EUR\;\\;\PURCHASE_FEE_PERCENTAGE\;\107\
\FEE\;\2021-01-25T10:28:46.000+00:00\;\eaf359acbc4a\;\1.9\;\EUR\;\\;\PURCHASE_FEE_PERCENTAGE\;\107\
\FEE\;\2021-01-25T10:52:43.000+00:00\;\39171f1666bb\;\1.89\;\EUR\;\\;\PURCHASE_FEE_PERCENTAGE\;\107\
\FEE\;\2021-01-25T11:55:30.000+00:00\;\3bf10f955c4e\;\5.09\;\EUR\;\\;\PURCHASE_FEE_PERCENTAGE\;\107\
\FEE\;\2021-01-25T13:54:36.000+00:00\;\e2ac3ddc8ee1\;\5.42\;\EUR\;\\;\PURCHASE_FEE_PERCENTAGE\;\107\
\FEE\;\2021-01-25T16:21:07.000+00:00\;\167616816173\;\1.81\;\EUR\;\\;\PURCHASE_FEE_PERCENTAGE\;\107\
\FEE\;\2021-01-26T05:35:44.000+00:00\;\826baeadfd8c\;\2.11\;\EUR\;\\;\PURCHASE_FEE_PERCENTAGE\;\107\
\FEE\;\2021-01-26T06:08:58.000+00:00\;\c7ece70cf8ef\;\1.71\;\EUR\;\\;\PURCHASE_FEE_PERCENTAGE\;\107\
\FEE\;\2021-01-26T08:32:22.000+00:00\;\6c0ba31a9337\;\2.64\;\EUR\;\\;\PURCHASE_FEE_PERCENTAGE\;\107\
\FEE\;\2021-01-26T09:20:41.000+00:00\;\d93a919c00bb\;\1.1\;\EUR\;\\;\PURCHASE_FEE_PERCENTAGE\;\107\
\FEE\;\2021-01-26T09:31:43.000+00:00\;\507a1a85935d\;\2.03\;\EUR\;\\;\PURCHASE_FEE_PERCENTAGE\;\107\
\FEE\;\2021-01-26T10:30:50.000+00:00\;\7df5111c7c86\;\3.49\;\EUR\;\\;\PURCHASE_FEE_PERCENTAGE\;\107\
\FEE\;\2021-01-26T10:33:14.000+00:00\;\337c46fdb87a\;\1.66\;\EUR\;\\;\PURCHASE_FEE_PERCENTAGE\;\107\
\FEE\;\2021-01-26T14:07:20.000+00:00\;\df94144dda1a\;\2\;\EUR\;\\;\PURCHASE_FEE_PERCENTAGE\;\107\
\FEE\;\2021-01-26T14:25:52.000+00:00\;\f136004c865e\;\1.34\;\EUR\;\\;\PURCHASE_FEE_PERCENTAGE\;\107\
\FEE\;\2021-01-26T18:34:09.000+00:00\;\a51d3f41d95f\;\1.71\;\EUR\;\\;\PURCHASE_FEE_PERCENTAGE\;\107\
\FEE\;\2021-01-26T18:49:12.000+00:00\;\9bab8b8a05bc\;\1.74\;\EUR\;\\;\PURCHASE_FEE_PERCENTAGE\;\107\
\FEE\;\2021-01-27T08:19:31.000+00:00\;\d62c8f20f657\;\2.86\;\EUR\;\\;\PURCHASE_FEE_PERCENTAGE\;\107\
\FEE\;\2021-01-27T09:46:27.000+00:00\;\4b7ba161a363\;\1.58\;\EUR\;\\;\PURCHASE_FEE_PERCENTAGE\;\107\
\FEE\;\2021-01-27T09:54:04.000+00:00\;\1f94f4098b6c\;\1.73\;\EUR\;\\;\PURCHASE_FEE_PERCENTAGE\;\107\
\FEE\;\2021-01-27T09:55:20.000+00:00\;\48acc0940804\;\0.94\;\EUR\;\\;\PURCHASE_FEE_PERCENTAGE\;\107\
\FEE\;\2021-01-27T13:48:53.000+00:00\;\6b4051f09660\;\2.11\;\EUR\;\\;\PURCHASE_FEE_PERCENTAGE\;\107\
\FEE\;\2021-01-27T18:36:06.000+00:00\;\7b0720694f47\;\0.13\;\EUR\;\\;\PURCHASE_FEE_PERCENTAGE\;\107\
\FEE\;\2021-01-27T18:39:14.000+00:00\;\16da59b22c29\;\0.25\;\EUR\;\\;\PURCHASE_FEE_PERCENTAGE\;\107\
\FEE\;\2021-01-28T01:44:40.000+00:00\;\37c66029a3f3\;\1.82\;\EUR\;\\;\PURCHASE_FEE_PERCENTAGE\;\107\
\FEE\;\2021-01-28T09:04:00.000+00:00\;\4a8aeaeb96bf\;\1.5\;\EUR\;\\;\PURCHASE_FEE_PERCENTAGE\;\107\
\FEE\;\2021-01-28T09:08:57.000+00:00\;\056e15acb93a\;\1.82\;\EUR\;\\;\PURCHASE_FEE_PERCENTAGE\;\107\
\FEE\;\2021-01-28T09:37:59.000+00:00\;\627ee463db22\;\1.14\;\EUR\;\\;\PURCHASE_FEE_PERCENTAGE\;\107\
\FEE\;\2021-01-28T10:27:49.000+00:00\;\b84dc60ac55c\;\0.38\;\EUR\;\\;\PURCHASE_FEE_PERCENTAGE\;\107\
\FEE\;\2021-01-28T10:57:58.000+00:00\;\a6ece548b063\;\1.1\;\EUR\;\\;\PURCHASE_FEE_PERCENTAGE\;\107\
\FEE\;\2021-01-28T15:29:14.000+00:00\;\e32e4726cc36\;\3.5\;\EUR\;\\;\PURCHASE_FEE_PERCENTAGE\;\107\
\FEE\;\2021-01-28T18:58:04.000+00:00\;\831a513d530d\;\3.79\;\EUR\;\\;\PURCHASE_FEE_PERCENTAGE\;\107\
\FEE\;\2021-01-28T19:05:37.000+00:00\;\a6cc2fbdb41d\;\0.14\;\EUR\;\\;\PURCHASE_FEE_PERCENTAGE\;\107\
\FEE\;\2021-01-28T22:12:05.000+00:00\;\40f281a3a2f1\;\2.11\;\EUR\;\\;\PURCHASE_FEE_PERCENTAGE\;\107\
\FEE\;\2021-01-29T01:39:37.000+00:00\;\578055409ed2\;\0.94\;\EUR\;\\;\PURCHASE_FEE_PERCENTAGE\;\107\
\FEE\;\2021-01-29T08:58:35.000+00:00\;\46ba6cf8b7db\;\3.98\;\EUR\;\\;\PURCHASE_FEE_PERCENTAGE\;\107\
\FEE\;\2021-01-29T09:08:08.000+00:00\;\9749f8efc336\;\2.29\;\EUR\;\\;\PURCHASE_FEE_PERCENTAGE\;\107\
\FEE\;\2021-01-29T09:11:32.000+00:00\;\364548854961\;\2.9\;\EUR\;\\;\PURCHASE_FEE_PERCENTAGE\;\107\
\FEE\;\2021-01-29T09:18:39.000+00:00\;\3d0b5aa70ac1\;\2.11\;\EUR\;\\;\PURCHASE_FEE_PERCENTAGE\;\107\
\FEE\;\2021-01-29T09:30:46.000+00:00\;\d4a366f67ec5\;\7.36\;\EUR\;\\;\PURCHASE_FEE_PERCENTAGE\;\107\
\FEE\;\2021-01-29T09:39:32.000+00:00\;\c49cb0fc2ce5\;\2.11\;\EUR\;\\;\PURCHASE_FEE_PERCENTAGE\;\107\
\FEE\;\2021-01-29T09:42:50.000+00:00\;\e7a04951af1f\;\5.58\;\EUR\;\\;\PURCHASE_FEE_PERCENTAGE\;\107\
\FEE\;\2021-01-29T12:06:31.000+00:00\;\cc90f59ddacb\;\2.19\;\EUR\;\\;\PURCHASE_FEE_PERCENTAGE\;\107\
\FEE\;\2021-01-29T12:10:29.000+00:00\;\63239db3a336\;\2.45\;\EUR\;\\;\PURCHASE_FEE_PERCENTAGE\;\107\
\FEE\;\2021-01-29T14:09:37.000+00:00\;\0811be1480ee\;\1.9\;\EUR\;\\;\PURCHASE_FEE_PERCENTAGE\;\107\
\FEE\;\2021-01-29T14:47:47.000+00:00\;\ae7a03d570e0\;\2.38\;\EUR\;\\;\PURCHASE_FEE_PERCENTAGE\;\107\
\FEE\;\2021-01-29T14:50:43.000+00:00\;\35dad1ff17e7\;\1.73\;\EUR\;\\;\PURCHASE_FEE_PERCENTAGE\;\107\
\FEE\;\2021-01-29T15:22:18.000+00:00\;\e6b63e5a489a\;\2.56\;\EUR\;\\;\PURCHASE_FEE_PERCENTAGE\;\107\
\FEE\;\2021-01-29T18:38:24.000+00:00\;\9e4da0a537b0\;\3.38\;\EUR\;\\;\PURCHASE_FEE_PERCENTAGE\;\107\
\FEE\;\2021-01-30T02:40:53.000+00:00\;\576824336257\;\2.38\;\EUR\;\\;\PURCHASE_FEE_PERCENTAGE\;\107\
\FEE\;\2021-01-30T13:47:59.000+00:00\;\2714c51bfa42\;\2.06\;\EUR\;\\;\PURCHASE_FEE_PERCENTAGE\;\107\
\FEE\;\2021-01-31T10:09:12.000+00:00\;\97c122de1697\;\7.63\;\EUR\;\\;\PURCHASE_FEE_PERCENTAGE\;\107\
\FEE\;\2021-01-31T10:57:53.000+00:00\;\572a5bc2079a\;\2.1\;\EUR\;\\;\PURCHASE_FEE_PERCENTAGE\;\107\
\FEE\;\2021-02-01T05:32:00.000+00:00\;\d6caebbe62f7\;\1.42\;\EUR\;\\;\PURCHASE_FEE_PERCENTAGE\;\107\
\FEE\;\2021-02-01T08:40:25.000+00:00\;\9b12d8beec60\;\4.45\;\EUR\;\\;\PURCHASE_FEE_PERCENTAGE\;\107\
\FEE\;\2021-02-01T09:06:39.000+00:00\;\d9abe889c1d1\;\4.32\;\EUR\;\\;\PURCHASE_FEE_PERCENTAGE\;\107\
\FEE\;\2021-02-01T09:12:25.000+00:00\;\e1c8b759e733\;\1.66\;\EUR\;\\;\PURCHASE_FEE_PERCENTAGE\;\107\
\FEE\;\2021-02-01T09:18:09.000+00:00\;\94621b2136ad\;\3.69\;\EUR\;\\;\PURCHASE_FEE_PERCENTAGE\;\107\
\FEE\;\2021-02-01T09:20:48.000+00:00\;\53cda1c956fc\;\2.16\;\EUR\;\\;\PURCHASE_FEE_PERCENTAGE\;\107\
\FEE\;\2021-02-01T09:22:13.000+00:00\;\5fe9c21b956b\;\3.69\;\EUR\;\\;\PURCHASE_FEE_PERCENTAGE\;\107\
\FEE\;\2021-02-01T09:33:15.000+00:00\;\e670810e084e\;\1.52\;\EUR\;\\;\PURCHASE_FEE_PERCENTAGE\;\107\
\FEE\;\2021-02-01T09:53:29.000+00:00\;\65dfccb2da79\;\4.46\;\EUR\;\\;\PURCHASE_FEE_PERCENTAGE\;\107\
\FEE\;\2021-02-01T09:58:28.000+00:00\;\e3e05ee65f44\;\2.67\;\EUR\;\\;\PURCHASE_FEE_PERCENTAGE\;\107\
\FEE\;\2021-02-01T10:24:47.000+00:00\;\c040ba29e1aa\;\4.57\;\EUR\;\\;\PURCHASE_FEE_PERCENTAGE\;\107\
\FEE\;\2021-02-01T11:45:25.000+00:00\;\adff1f5fcb0b\;\3.78\;\EUR\;\\;\PURCHASE_FEE_PERCENTAGE\;\107\
\FEE\;\2021-02-01T11:54:24.000+00:00\;\e80e13256094\;\2.1\;\EUR\;\\;\PURCHASE_FEE_PERCENTAGE\;\107\
\FEE\;\2021-02-01T15:12:48.000+00:00\;\e627c3c18215\;\2\;\EUR\;\\;\PURCHASE_FEE_PERCENTAGE\;\107\
\FEE\;\2021-02-01T19:10:04.000+00:00\;\ebd40f025f91\;\4.22\;\EUR\;\\;\PURCHASE_FEE_PERCENTAGE\;\107\
\FEE\;\2021-02-01T20:04:05.000+00:00\;\044ef1363783\;\2.11\;\EUR\;\\;\PURCHASE_FEE_PERCENTAGE\;\107\
\FEE\;\2021-02-01T21:50:50.000+00:00\;\4f234b9267eb\;\4.37\;\EUR\;\\;\PURCHASE_FEE_PERCENTAGE\;\107\
\FEE\;\2021-02-01T22:35:16.000+00:00\;\d4f00cb4a8e2\;\0.32\;\EUR\;\\;\PURCHASE_FEE_PERCENTAGE\;\107\
\FEE\;\2021-02-02T09:30:24.000+00:00\;\2e0bce42736e\;\1.9\;\EUR\;\\;\PURCHASE_FEE_PERCENTAGE\;\107\
\FEE\;\2021-02-02T09:39:39.000+00:00\;\8a3104e11a94\;\0.11\;\EUR\;\\;\PURCHASE_FEE_PERCENTAGE\;\107\
\FEE\;\2021-02-02T12:14:58.000+00:00\;\558d2b6e2421\;\1.58\;\EUR\;\\;\PURCHASE_FEE_PERCENTAGE\;\107\
\FEE\;\2021-02-02T18:13:04.000+00:00\;\7109abbc1ae0\;\4.13\;\EUR\;\\;\PURCHASE_FEE_PERCENTAGE\;\107\
\FEE\;\2021-02-02T20:16:14.000+00:00\;\33f79c8d5b47\;\2.06\;\EUR\;\\;\PURCHASE_FEE_PERCENTAGE\;\107\
\FEE\;\2021-02-02T21:24:53.000+00:00\;\c36189c1c952\;\0.13\;\EUR\;\\;\PURCHASE_FEE_PERCENTAGE\;\107\
\FEE\;\2021-02-03T06:26:55.000+00:00\;\3a9d5b3f1dc8\;\5.37\;\EUR\;\\;\PURCHASE_FEE_PERCENTAGE\;\107\
\FEE\;\2021-02-03T07:46:47.000+00:00\;\9fc2e5d0898f\;\2.11\;\EUR\;\\;\PURCHASE_FEE_PERCENTAGE\;\107\
\FEE\;\2021-02-03T08:17:26.000+00:00\;\8085dac51bc5\;\2.29\;\EUR\;\\;\PURCHASE_FEE_PERCENTAGE\;\107\
\FEE\;\2021-02-03T10:15:09.000+00:00\;\39c1ecb39519\;\0.19\;\EUR\;\\;\PURCHASE_FEE_PERCENTAGE\;\107\
\FEE\;\2021-02-03T11:24:47.000+00:00\;\eb525c551ecd\;\1.28\;\EUR\;\\;\PURCHASE_FEE_PERCENTAGE\;\107\
\FEE\;\2021-02-03T11:28:31.000+00:00\;\3d28ae68d971\;\3.5\;\EUR\;\\;\PURCHASE_FEE_PERCENTAGE\;\107\
\FEE\;\2021-02-03T13:46:28.000+00:00\;\9ae7d15670e8\;\2.1\;\EUR\;\\;\PURCHASE_FEE_PERCENTAGE\;\107\
\FEE\;\2021-02-04T07:43:50.000+00:00\;\e7937bf115cd\;\2.56\;\EUR\;\\;\PURCHASE_FEE_PERCENTAGE\;\107\
\FEE\;\2021-02-04T09:30:33.000+00:00\;\8cf334cea943\;\1.1\;\EUR\;\\;\PURCHASE_FEE_PERCENTAGE\;\107\
\FEE\;\2021-02-04T09:31:41.000+00:00\;\c78da719802b\;\2.77\;\EUR\;\\;\PURCHASE_FEE_PERCENTAGE\;\107\
\FEE\;\2021-02-04T09:36:15.000+00:00\;\9eecb235b4f1\;\2.67\;\EUR\;\\;\PURCHASE_FEE_PERCENTAGE\;\107\
\FEE\;\2021-02-04T10:02:46.000+00:00\;\34b34bcf4792\;\3.81\;\EUR\;\\;\PURCHASE_FEE_PERCENTAGE\;\107\
\FEE\;\2021-02-04T11:05:23.000+00:00\;\c94f6617a468\;\1.9\;\EUR\;\\;\PURCHASE_FEE_PERCENTAGE\;\107\
\FEE\;\2021-02-04T11:25:27.000+00:00\;\a9725cbce8fa\;\2.11\;\EUR\;\\;\PURCHASE_FEE_PERCENTAGE\;\107\
\FEE\;\2021-02-04T11:59:08.000+00:00\;\e699929b273c\;\3.01\;\EUR\;\\;\PURCHASE_FEE_PERCENTAGE\;\107\
\FEE\;\2021-02-04T15:31:51.000+00:00\;\e6946e078ec4\;\7.31\;\EUR\;\\;\PURCHASE_FEE_PERCENTAGE\;\107\
\FEE\;\2021-02-04T16:28:03.000+00:00\;\a6d92c1333aa\;\3.18\;\EUR\;\\;\PURCHASE_FEE_PERCENTAGE\;\107\
\FEE\;\2021-02-04T19:41:29.000+00:00\;\27ec8e377981\;\2.38\;\EUR\;\\;\PURCHASE_FEE_PERCENTAGE\;\107\
\FEE\;\2021-02-04T19:46:40.000+00:00\;\2ffa41060df7\;\2.86\;\EUR\;\\;\PURCHASE_FEE_PERCENTAGE\;\107\
\FEE\;\2021-02-05T10:05:10.000+00:00\;\5fe79d967db5\;\1.81\;\EUR\;\\;\PURCHASE_FEE_PERCENTAGE\;\107\
\FEE\;\2021-02-05T10:07:51.000+00:00\;\28182033d9af\;\1.81\;\EUR\;\\;\PURCHASE_FEE_PERCENTAGE\;\107\
\FEE\;\2021-02-05T10:11:33.000+00:00\;\fb8150bf8fad\;\1.9\;\EUR\;\\;\PURCHASE_FEE_PERCENTAGE\;\107\
\FEE\;\2021-02-05T10:30:30.000+00:00\;\144e5ded40e4\;\2.67\;\EUR\;\\;\PURCHASE_FEE_PERCENTAGE\;\107\
\FEE\;\2021-02-05T11:24:55.000+00:00\;\c92b17dd7d05\;\7.78\;\EUR\;\\;\PURCHASE_FEE_PERCENTAGE\;\107\
\FEE\;\2021-02-05T14:33:10.000+00:00\;\4c615919eb3b\;\2.7\;\EUR\;\\;\PURCHASE_FEE_PERCENTAGE\;\107\
\FEE\;\2021-02-05T16:10:22.000+00:00\;\c35a605eda17\;\0.13\;\EUR\;\\;\PURCHASE_FEE_PERCENTAGE\;\107\
\FEE\;\2021-02-05T18:29:24.000+00:00\;\64890b4c0762\;\1.42\;\EUR\;\\;\PURCHASE_FEE_PERCENTAGE\;\107\
\FEE\;\2021-02-05T18:45:02.000+00:00\;\b9f4de2a16cc\;\0.86\;\EUR\;\\;\PURCHASE_FEE_PERCENTAGE\;\107\
\FEE\;\2021-02-06T06:19:58.000+00:00\;\4e8503e3999c\;\2.06\;\EUR\;\\;\PURCHASE_FEE_PERCENTAGE\;\107\
\FEE\;\2021-02-06T09:17:33.000+00:00\;\a4f6da1ed75c\;\2.22\;\EUR\;\\;\PURCHASE_FEE_PERCENTAGE\;\107\
\FEE\;\2021-02-06T09:52:21.000+00:00\;\047148f4c78b\;\2.03\;\EUR\;\\;\PURCHASE_FEE_PERCENTAGE\;\107\
\FEE\;\2021-02-06T10:04:29.000+00:00\;\b15f3a0b67e1\;\1.5\;\EUR\;\\;\PURCHASE_FEE_PERCENTAGE\;\107\
\FEE\;\2021-02-06T10:08:57.000+00:00\;\e8da819606e9\;\1.58\;\EUR\;\\;\PURCHASE_FEE_PERCENTAGE\;\107\
\FEE\;\2021-02-06T10:15:04.000+00:00\;\6f40f50bab01\;\2.29\;\EUR\;\\;\PURCHASE_FEE_PERCENTAGE\;\107\
\FEE\;\2021-02-06T10:44:23.000+00:00\;\a18e4673fee3\;\2.57\;\EUR\;\\;\PURCHASE_FEE_PERCENTAGE\;\107\
\FEE\;\2021-02-06T15:40:18.000+00:00\;\6fbb03bef7b6\;\2.54\;\EUR\;\\;\PURCHASE_FEE_PERCENTAGE\;\107\
\FEE\;\2021-02-06T16:34:12.000+00:00\;\2fb97f895e8a\;\1.58\;\EUR\;\\;\PURCHASE_FEE_PERCENTAGE\;\107\
\FEE\;\2021-02-06T17:19:20.000+00:00\;\2e67a3f31bce\;\1.52\;\EUR\;\\;\PURCHASE_FEE_PERCENTAGE\;\107\
\FEE\;\2021-02-06T20:16:49.000+00:00\;\33bf9e9702b9\;\2.7\;\EUR\;\\;\PURCHASE_FEE_PERCENTAGE\;\107\
\FEE\;\2021-02-07T05:23:32.000+00:00\;\766a5edf6e61\;\2.46\;\EUR\;\\;\PURCHASE_FEE_PERCENTAGE\;\107\
\FEE\;\2021-02-07T05:30:32.000+00:00\;\6f5312f3283f\;\3.33\;\EUR\;\\;\PURCHASE_FEE_PERCENTAGE\;\107\
\FEE\;\2021-02-07T08:18:24.000+00:00\;\de6598421d9e\;\1.34\;\EUR\;\\;\PURCHASE_FEE_PERCENTAGE\;\107\
\FEE\;\2021-02-08T07:23:17.000+00:00\;\9707e601f6b8\;\2.11\;\EUR\;\\;\PURCHASE_FEE_PERCENTAGE\;\107\
\FEE\;\2021-02-08T09:27:30.000+00:00\;\b36c7ad43e93\;\3.17\;\EUR\;\\;\PURCHASE_FEE_PERCENTAGE\;\107\
\FEE\;\2021-02-08T09:29:57.000+00:00\;\721ab56e5e73\;\5.79\;\EUR\;\\;\PURCHASE_FEE_PERCENTAGE\;\107\
\FEE\;\2021-02-08T09:30:35.000+00:00\;\6f32522a7f6a\;\0.78\;\EUR\;\\;\PURCHASE_FEE_PERCENTAGE\;\107\
\FEE\;\2021-02-08T09:33:00.000+00:00\;\03ceb439a20f\;\2.7\;\EUR\;\\;\PURCHASE_FEE_PERCENTAGE\;\107\
\FEE\;\2021-02-08T10:03:00.000+00:00\;\7c8c094193b8\;\3.09\;\EUR\;\\;\PURCHASE_FEE_PERCENTAGE\;\107\
\FEE\;\2021-02-08T10:04:29.000+00:00\;\8a0002a24fce\;\3.93\;\EUR\;\\;\PURCHASE_FEE_PERCENTAGE\;\107\
\FEE\;\2021-02-08T10:08:24.000+00:00\;\b66bcdad700c\;\2.67\;\EUR\;\\;\PURCHASE_FEE_PERCENTAGE\;\107\
\FEE\;\2021-02-08T10:15:03.000+00:00\;\2d1cc3e90acf\;\1.39\;\EUR\;\\;\PURCHASE_FEE_PERCENTAGE\;\107\
\FEE\;\2021-02-08T10:38:22.000+00:00\;\c907e8a52384\;\1.9\;\EUR\;\\;\PURCHASE_FEE_PERCENTAGE\;\107\
\FEE\;\2021-02-08T11:35:26.000+00:00\;\d9c97016669e\;\2.11\;\EUR\;\\;\PURCHASE_FEE_PERCENTAGE\;\107\
\FEE\;\2021-02-09T02:46:51.000+00:00\;\5e277623a68e\;\2.24\;\EUR\;\\;\PURCHASE_FEE_PERCENTAGE\;\107\
\FEE\;\2021-02-09T09:38:42.000+00:00\;\044f92c69111\;\1.5\;\EUR\;\\;\PURCHASE_FEE_PERCENTAGE\;\107\
\FEE\;\2021-02-09T09:48:45.000+00:00\;\cafcf4ad6a44\;\2.56\;\EUR\;\\;\PURCHASE_FEE_PERCENTAGE\;\107\
\FEE\;\2021-02-09T13:27:55.000+00:00\;\cd8edfdd7cf0\;\1.73\;\EUR\;\\;\PURCHASE_FEE_PERCENTAGE\;\107\
\FEE\;\2021-02-10T04:05:47.000+00:00\;\0ea2be93cd45\;\1.5\;\EUR\;\\;\PURCHASE_FEE_PERCENTAGE\;\107\
\FEE\;\2021-02-10T05:39:32.000+00:00\;\a10d0e37d7c6\;\4.99\;\EUR\;\\;\PURCHASE_FEE_PERCENTAGE\;\107\
\FEE\;\2021-02-10T05:51:02.000+00:00\;\2c38a7a841d4\;\2.38\;\EUR\;\\;\PURCHASE_FEE_PERCENTAGE\;\107\
\FEE\;\2021-02-10T16:54:59.000+00:00\;\73b553bd2540\;\2.86\;\EUR\;\\;\PURCHASE_FEE_PERCENTAGE\;\107\
\FEE\;\2021-02-10T18:16:28.000+00:00\;\68ee6ab91243\;\2.11\;\EUR\;\\;\PURCHASE_FEE_PERCENTAGE\;\107\
\FEE\;\2021-02-10T20:06:55.000+00:00\;\4608df0e7df1\;\2.05\;\EUR\;\\;\PURCHASE_FEE_PERCENTAGE\;\107\
\RETURN\;\2021-01-05T10:14:50.000+00:00\;\\;\94.95\;\EUR\;\b292036d5a7b\;\PURCHASE_RETURN\;\106\
\RETURN\;\2021-01-05T14:45:12.000+00:00\;\\;\131.95\;\EUR\;\0b7d4bccebaa\;\PURCHASE_RETURN\;\106\
\RETURN\;\2021-01-06T10:15:40.000+00:00\;\\;\119.95\;\EUR\;\f7a4e78c8a33\;\PURCHASE_RETURN\;\106\
\RETURN\;\2021-01-06T10:16:27.000+00:00\;\\;\106.95\;\EUR\;\1cbc8dfada0a\;\PURCHASE_RETURN\;\106\
\RETURN\;\2021-01-07T10:09:53.000+00:00\;\\;\138.95\;\EUR\;\435e8d878525\;\PURCHASE_RETURN\;\106\
\RETURN\;\2021-01-11T10:26:14.000+00:00\;\\;\131.95\;\EUR\;\f31920f13bc2\;\PURCHASE_RETURN\;\106\
\RETURN\;\2021-01-11T10:27:52.000+00:00\;\\;\152.95\;\EUR\;\13fad90029f3\;\PURCHASE_RETURN\;\106\
\RETURN\;\2021-01-12T13:18:38.000+00:00\;\\;\158.95\;\EUR\;\f892d689286b\;\PURCHASE_RETURN\;\106\
\RETURN\;\2021-01-12T13:19:55.000+00:00\;\\;\150.95\;\EUR\;\7bfb3b5cc828\;\PURCHASE_RETURN\;\106\
\RETURN\;\2021-01-12T13:25:48.000+00:00\;\\;\136.95\;\EUR\;\40c73eab0893\;\PURCHASE_RETURN\;\106\
\RETURN\;\2021-01-13T10:06:37.000+00:00\;\\;\142.95\;\EUR\;\65c72b5b77ae\;\PURCHASE_RETURN\;\106\
\RETURN\;\2021-01-13T10:15:37.000+00:00\;\\;\152.95\;\EUR\;\39adb15108f5\;\PURCHASE_RETURN\;\106\
\RETURN\;\2021-01-14T10:35:31.000+00:00\;\\;\129\;\EUR\;\05321fb862a6\;\PURCHASE_RETURN\;\106\
\RETURN\;\2021-01-14T10:44:55.000+00:00\;\\;\159.95\;\EUR\;\763fd23a7a46\;\PURCHASE_RETURN\;\106\
\RETURN\;\2021-01-14T10:45:03.000+00:00\;\\;\138.95\;\EUR\;\b7e4c16d800d\;\PURCHASE_RETURN\;\106\
\RETURN\;\2021-01-14T10:54:56.000+00:00\;\\;\118.95\;\EUR\;\671f073cd754\;\PURCHASE_RETURN\;\106\
\RETURN\;\2021-01-14T10:55:04.000+00:00\;\\;\112.95\;\EUR\;\b964b9b41dde\;\PURCHASE_RETURN\;\106\
\RETURN\;\2021-01-14T10:59:44.000+00:00\;\\;\117.95\;\EUR\;\70a8c7bfdd4c\;\PURCHASE_RETURN\;\106\
\RETURN\;\2021-01-15T12:14:40.000+00:00\;\\;\113.95\;\EUR\;\fc47cf15b651\;\PURCHASE_RETURN\;\106\
\RETURN\;\2021-01-15T14:50:11.000+00:00\;\\;\152.95\;\EUR\;\35d8f0277d52\;\PURCHASE_RETURN\;\106\
\RETURN\;\2021-01-18T09:14:32.000+00:00\;\\;\178.9\;\EUR\;\3c8242c24990\;\PURCHASE_RETURN\;\106\
\RETURN\;\2021-01-18T09:21:12.000+00:00\;\\;\249.9\;\EUR\;\6585c8ce5430\;\PURCHASE_RETURN\;\106\
\RETURN\;\2021-01-18T10:26:04.000+00:00\;\\;\411.85\;\EUR\;\6a7dd4b7c3d8\;\PURCHASE_RETURN\;\106\
\RETURN\;\2021-01-18T10:35:42.000+00:00\;\\;\305.9\;\EUR\;\9c55150195c1\;\PURCHASE_RETURN\;\106\
\RETURN\;\2021-01-18T10:36:37.000+00:00\;\\;\112.95\;\EUR\;\a1aaf4ff3506\;\PURCHASE_RETURN\;\106\
\RETURN\;\2021-01-18T10:44:44.000+00:00\;\\;\152.95\;\EUR\;\fa104113d25e\;\PURCHASE_RETURN\;\106\
\RETURN\;\2021-01-19T10:25:20.000+00:00\;\\;\169\;\EUR\;\3179eaa49513\;\PURCHASE_RETURN\;\106\
\RETURN\;\2021-01-19T10:45:18.000+00:00\;\\;\138.95\;\EUR\;\7821060530a0\;\PURCHASE_RETURN\;\106\
\RETURN\;\2021-01-19T10:54:48.000+00:00\;\\;\160.95\;\EUR\;\3c51a26529e3\;\PURCHASE_RETURN\;\106\
\RETURN\;\2021-01-20T09:24:52.000+00:00\;\\;\182.95\;\EUR\;\ee2806efbebb\;\PURCHASE_RETURN\;\106\
\RETURN\;\2021-01-20T09:39:54.000+00:00\;\\;\182.95\;\EUR\;\fc689b7eddd1\;\PURCHASE_RETURN\;\106\
\RETURN\;\2021-01-21T10:44:39.000+00:00\;\\;\108.95\;\EUR\;\325de642cae2\;\PURCHASE_RETURN\;\106\
\RETURN\;\2021-01-22T10:00:17.000+00:00\;\\;\320.9\;\EUR\;\5d9df889fb96\;\PURCHASE_RETURN\;\106\
\RETURN\;\2021-01-22T10:00:57.000+00:00\;\\;\490.9\;\EUR\;\68d3574389b7\;\PURCHASE_RETURN\;\106\
\RETURN\;\2021-01-25T11:37:20.000+00:00\;\\;\75.95\;\EUR\;\80711618b824\;\PURCHASE_RETURN\;\106\
\RETURN\;\2021-01-26T10:19:16.000+00:00\;\\;\124.95\;\EUR\;\ec189e5e72d5\;\PURCHASE_RETURN\;\106\
\RETURN\;\2021-01-26T10:19:19.000+00:00\;\\;\189\;\EUR\;\972bdd39fae3\;\PURCHASE_RETURN\;\106\
\RETURN\;\2021-01-26T10:20:21.000+00:00\;\\;\149\;\EUR\;\eed6d2a878f5\;\PURCHASE_RETURN\;\106\
\RETURN\;\2021-01-26T10:21:09.000+00:00\;\\;\507\;\EUR\;\36d608e89b9b\;\PURCHASE_RETURN\;\106\
\RETURN\;\2021-01-27T13:15:07.000+00:00\;\\;\131.95\;\EUR\;\67203a5923c7\;\PURCHASE_RETURN\;\106\
\RETURN\;\2021-01-28T10:10:02.000+00:00\;\\;\110.95\;\EUR\;\e5669f4732ea\;\PURCHASE_RETURN\;\106\
\RETURN\;\2021-01-28T10:15:00.000+00:00\;\\;\53.95\;\EUR\;\d60abd482880\;\PURCHASE_RETURN\;\106\
\RETURN\;\2021-01-28T10:15:21.000+00:00\;\\;\159.95\;\EUR\;\fb97b1bc2157\;\PURCHASE_RETURN\;\106\
\RETURN\;\2021-01-28T10:34:48.000+00:00\;\\;\86.95\;\EUR\;\45bb16a3e4ce\;\PURCHASE_RETURN\;\106\
\RETURN\;\2021-01-28T10:44:50.000+00:00\;\\;\159.95\;\EUR\;\8942b00657bf\;\PURCHASE_RETURN\;\106\
\RETURN\;\2021-01-28T11:00:01.000+00:00\;\\;\110.9\;\EUR\;\89425a67957f\;\PURCHASE_RETURN\;\106\
\RETURN\;\2021-01-28T14:47:51.000+00:00\;\\;\159.95\;\EUR\;\f5998b0a926e\;\PURCHASE_RETURN\;\106\
\RETURN\;\2021-01-29T10:44:50.000+00:00\;\\;\98.95\;\EUR\;\ebab80de91ce\;\PURCHASE_RETURN\;\106\
\RETURN\;\2021-01-29T10:44:59.000+00:00\;\\;\78.95\;\EUR\;\a29811548c49\;\PURCHASE_RETURN\;\106\
\RETURN\;\2021-01-29T10:49:47.000+00:00\;\\;\159.95\;\EUR\;\d93e09b8ae89\;\PURCHASE_RETURN\;\106\
\RETURN\;\2021-01-29T10:49:56.000+00:00\;\\;\149\;\EUR\;\fd9411958352\;\PURCHASE_RETURN\;\106\
\RETURN\;\2021-01-29T10:50:03.000+00:00\;\\;\179\;\EUR\;\c25a63c17fd5\;\PURCHASE_RETURN\;\106\
\RETURN\;\2021-01-29T11:10:04.000+00:00\;\\;\138.95\;\EUR\;\50f0f4d0903b\;\PURCHASE_RETURN\;\106\
\RETURN\;\2021-01-29T11:10:25.000+00:00\;\\;\112.95\;\EUR\;\cc3058f147a2\;\PURCHASE_RETURN\;\106\
\RETURN\;\2021-01-29T11:29:44.000+00:00\;\\;\112.95\;\EUR\;\abf1352d062a\;\PURCHASE_RETURN\;\106\
\RETURN\;\2021-01-29T11:29:59.000+00:00\;\\;\167.95\;\EUR\;\f30020030bab\;\PURCHASE_RETURN\;\106\
\RETURN\;\2021-01-29T11:30:22.000+00:00\;\\;\258\;\EUR\;\394d2a33e482\;\PURCHASE_RETURN\;\106\
\RETURN\;\2021-02-01T09:30:35.000+00:00\;\\;\82.95\;\EUR\;\0a1e83a0c550\;\PURCHASE_RETURN\;\106\
\RETURN\;\2021-02-01T09:30:47.000+00:00\;\\;\159.95\;\EUR\;\a692c832276e\;\PURCHASE_RETURN\;\106\
\RETURN\;\2021-02-01T09:39:42.000+00:00\;\\;\98.95\;\EUR\;\7be4e88ab437\;\PURCHASE_RETURN\;\106\
\RETURN\;\2021-02-02T10:14:56.000+00:00\;\\;\68.95\;\EUR\;\094f4d75ffef\;\PURCHASE_RETURN\;\106\
\RETURN\;\2021-02-02T10:15:10.000+00:00\;\\;\318\;\EUR\;\8d85a3955fda\;\PURCHASE_RETURN\;\106\
\RETURN\;\2021-02-02T10:24:41.000+00:00\;\\;\129\;\EUR\;\cf29b1fbda63\;\PURCHASE_RETURN\;\106\
\RETURN\;\2021-02-02T10:25:04.000+00:00\;\\;\93.95\;\EUR\;\0298443a371c\;\PURCHASE_RETURN\;\106\
\RETURN\;\2021-02-02T10:34:49.000+00:00\;\\;\129\;\EUR\;\99daa58cb86d\;\PURCHASE_RETURN\;\106\
\RETURN\;\2021-02-02T10:34:59.000+00:00\;\\;\239\;\EUR\;\d61259b2b3c2\;\PURCHASE_RETURN\;\106\
\RETURN\;\2021-02-02T10:35:11.000+00:00\;\\;\98.95\;\EUR\;\8fc586087081\;\PURCHASE_RETURN\;\106\
\RETURN\;\2021-02-02T10:35:13.000+00:00\;\\;\125.95\;\EUR\;\6cd926fcabe5\;\PURCHASE_RETURN\;\106\
\RETURN\;\2021-02-02T10:45:37.000+00:00\;\\;\136.95\;\EUR\;\dcc850882ee2\;\PURCHASE_RETURN\;\106\
\RETURN\;\2021-02-02T10:46:03.000+00:00\;\\;\278\;\EUR\;\7f0838e8eeb7\;\PURCHASE_RETURN\;\106\
\RETURN\;\2021-02-02T10:54:52.000+00:00\;\\;\138.95\;\EUR\;\304298154b8c\;\PURCHASE_RETURN\;\106\
\RETURN\;\2021-02-02T10:55:08.000+00:00\;\\;\355.85\;\EUR\;\04c06aadb29c\;\PURCHASE_RETURN\;\106\
\RETURN\;\2021-02-02T10:55:20.000+00:00\;\\;\153.95\;\EUR\;\1238a9ba5193\;\PURCHASE_RETURN\;\106\
\RETURN\;\2021-02-02T11:00:02.000+00:00\;\\;\326.9\;\EUR\;\caf3cefb7e73\;\PURCHASE_RETURN\;\106\
\RETURN\;\2021-02-02T14:34:30.000+00:00\;\\;\15.99\;\EUR\;\8218998bb498\;\PURCHASE_RETURN\;\106\
\RETURN\;\2021-02-03T09:16:06.000+00:00\;\\;\112.95\;\EUR\;\0a834cf4c3ec\;\PURCHASE_RETURN\;\106\
\RETURN\;\2021-02-03T12:04:57.000+00:00\;\\;\108.95\;\EUR\;\bb736d2e7a8b\;\PURCHASE_RETURN\;\106\
\RETURN\;\2021-02-03T12:05:04.000+00:00\;\\;\179\;\EUR\;\7a40417e888b\;\PURCHASE_RETURN\;\106\
\RETURN\;\2021-02-03T12:05:16.000+00:00\;\\;\164.9\;\EUR\;\0cdd080e5676\;\PURCHASE_RETURN\;\106\
\RETURN\;\2021-02-03T12:25:38.000+00:00\;\\;\169\;\EUR\;\1e0e0dda9cf8\;\PURCHASE_RETURN\;\106\
\RETURN\;\2021-02-04T10:59:52.000+00:00\;\\;\159.95\;\EUR\;\22f6737c358d\;\PURCHASE_RETURN\;\106\
\RETURN\;\2021-02-05T11:54:56.000+00:00\;\\;\236.9\;\EUR\;\fdaded6b5c9d\;\PURCHASE_RETURN\;\106\
\RETURN\;\2021-02-05T12:49:57.000+00:00\;\\;\150.95\;\EUR\;\3d9385683980\;\PURCHASE_RETURN\;\106\
\RETURN\;\2021-02-05T12:50:08.000+00:00\;\\;\131.95\;\EUR\;\c3f180d3cff5\;\PURCHASE_RETURN\;\106\
\RETURN\;\2021-02-06T12:05:33.000+00:00\;\\;\159.95\;\EUR\;\e66e9b2f6aae\;\PURCHASE_RETURN\;\106\
\RETURN\;\2021-02-08T13:25:26.000+00:00\;\\;\53.95\;\EUR\;\7e7d0c02c494\;\PURCHASE_RETURN\;\106\
\RETURN\;\2021-02-08T13:25:43.000+00:00\;\\;\142.95\;\EUR\;\b3e1fc5db127\;\PURCHASE_RETURN\;\106\
\RETURN\;\2021-02-08T13:34:59.000+00:00\;\\;\219\;\EUR\;\ddb03758edd7\;\PURCHASE_RETURN\;\106\
\RETURN\;\2021-02-09T10:14:57.000+00:00\;\\;\75.95\;\EUR\;\2c81193771f2\;\PURCHASE_RETURN\;\106\
\RETURN\;\2021-02-09T10:25:02.000+00:00\;\\;\131.95\;\EUR\;\7f08c61df841\;\PURCHASE_RETURN\;\106\
\RETURN\;\2021-02-09T10:25:19.000+00:00\;\\;\179\;\EUR\;\c3334178c55d\;\PURCHASE_RETURN\;\106\
\RETURN\;\2021-02-09T10:25:34.000+00:00\;\\;\98.95\;\EUR\;\4abbc4aed935\;\PURCHASE_RETURN\;\106\
\RETURN\;\2021-02-10T09:49:38.000+00:00\;\\;\112.95\;\EUR\;\ce019bceca46\;\PURCHASE_RETURN\;\106\
\RETURN\;\2021-02-10T09:49:47.000+00:00\;\\;\118.95\;\EUR\;\d7418bb54e4e\;\PURCHASE_RETURN\;\106\
\RETURN\;\2021-02-10T09:59:47.000+00:00\;\\;\98.95\;\EUR\;\4797a3d03853\;\PURCHASE_RETURN\;\106\
\RETURN\;\2021-02-10T09:59:56.000+00:00\;\\;\219\;\EUR\;\3f92bbce80c0\;\PURCHASE_RETURN\;\106\
\SALE\;\2020-12-31T12:26:46.000+00:00\;\11db360b111e\;\251.9\;\EUR\;\\;\PURCHASE\;\105\
\SALE\;\2021-01-02T05:48:03.000+00:00\;\a6691dd99235\;\124.95\;\EUR\;\\;\PURCHASE\;\105\
\SALE\;\2021-01-02T09:28:01.000+00:00\;\6c8be4e67217\;\277.9\;\EUR\;\\;\PURCHASE\;\105\
\SALE\;\2021-01-02T12:40:34.000+00:00\;\4f36b8da4ad8\;\149\;\EUR\;\\;\PURCHASE\;\105\
\SALE\;\2021-01-02T12:43:57.000+00:00\;\0b1e5ccfaf9f\;\354.85\;\EUR\;\\;\PURCHASE\;\105\
\SALE\;\2021-01-03T05:26:00.000+00:00\;\02698ec3d19c\;\117.95\;\EUR\;\\;\PURCHASE\;\105\
\SALE\;\2021-01-03T07:21:33.000+00:00\;\3ee1f4b74379\;\29.9\;\EUR\;\\;\PURCHASE\;\105\
\SALE\;\2021-01-03T07:47:54.000+00:00\;\a2abc19a2f33\;\267.9\;\EUR\;\\;\PURCHASE\;\105\
\SALE\;\2021-01-03T11:00:51.000+00:00\;\a9108896be7f\;\129\;\EUR\;\\;\PURCHASE\;\105\
\SALE\;\2021-01-03T12:02:45.000+00:00\;\8a660ce2b2c1\;\159.95\;\EUR\;\\;\PURCHASE\;\105\
\SALE\;\2021-01-04T06:04:40.000+00:00\;\bee180c47adc\;\239\;\EUR\;\\;\PURCHASE\;\105\
\SALE\;\2021-01-04T08:11:14.000+00:00\;\74f41f98c4b6\;\305.9\;\EUR\;\\;\PURCHASE\;\105\
\SALE\;\2021-01-04T08:25:48.000+00:00\;\c311d1dddee8\;\136.95\;\EUR\;\\;\PURCHASE\;\105\
\SALE\;\2021-01-04T08:31:23.000+00:00\;\533b6a08f230\;\61.95\;\EUR\;\\;\PURCHASE\;\105\
\SALE\;\2021-01-04T09:59:48.000+00:00\;\766b96c740fe\;\150.95\;\EUR\;\\;\PURCHASE\;\105\
\SALE\;\2021-01-04T10:40:15.000+00:00\;\e02e8a828ad4\;\338\;\EUR\;\\;\PURCHASE\;\105\
\SALE\;\2021-01-04T11:42:45.000+00:00\;\e27e582c96ee\;\153.95\;\EUR\;\\;\PURCHASE\;\105\
\SALE\;\2021-01-04T17:09:21.000+00:00\;\44458ab7805b\;\153.95\;\EUR\;\\;\PURCHASE\;\105\
\SALE\;\2021-01-04T19:04:49.000+00:00\;\253d5f2072ad\;\93.9\;\EUR\;\\;\PURCHASE\;\105\
\SALE\;\2021-01-05T05:33:11.000+00:00\;\af637c22744b\;\138.95\;\EUR\;\\;\PURCHASE\;\105\
\SALE\;\2021-01-05T07:30:47.000+00:00\;\c57e291f3416\;\152.95\;\EUR\;\\;\PURCHASE\;\105\
\SALE\;\2021-01-05T08:42:30.000+00:00\;\bc0a6ec150f0\;\249\;\EUR\;\\;\PURCHASE\;\105\
\SALE\;\2021-01-05T10:08:06.000+00:00\;\024c64f227d5\;\182.95\;\EUR\;\\;\PURCHASE\;\105\
\SALE\;\2021-01-05T10:09:07.000+00:00\;\2e64801016d9\;\571.8\;\EUR\;\\;\PURCHASE\;\105\
\SALE\;\2021-01-05T10:09:29.000+00:00\;\3a9e2cae3f99\;\182.95\;\EUR\;\\;\PURCHASE\;\105\
\SALE\;\2021-01-05T10:50:47.000+00:00\;\2b2945dd6649\;\58.95\;\EUR\;\\;\PURCHASE\;\105\
\SALE\;\2021-01-05T10:54:15.000+00:00\;\be4ea3c042a9\;\100.95\;\EUR\;\\;\PURCHASE\;\105\
\SALE\;\2021-01-05T20:17:23.000+00:00\;\bbc5768fd430\;\29.8\;\EUR\;\\;\PURCHASE\;\105\
\SALE\;\2021-01-05T22:52:14.000+00:00\;\6ab06e7f7515\;\112.95\;\EUR\;\\;\PURCHASE\;\105\
\SALE\;\2021-01-06T08:28:31.000+00:00\;\a653d82eec7e\;\11.95\;\EUR\;\\;\PURCHASE\;\105\
\SALE\;\2021-01-06T09:37:03.000+00:00\;\9031a811dc0e\;\159.95\;\EUR\;\\;\PURCHASE\;\105\
\SALE\;\2021-01-06T09:42:16.000+00:00\;\ac01655933e9\;\159.95\;\EUR\;\\;\PURCHASE\;\105\
\SALE\;\2021-01-06T10:08:04.000+00:00\;\8d8bff4c991d\;\152.95\;\EUR\;\\;\PURCHASE\;\105\
\SALE\;\2021-01-06T13:08:45.000+00:00\;\373e66bbe381\;\152.95\;\EUR\;\\;\PURCHASE\;\105\
\SALE\;\2021-01-07T10:14:11.000+00:00\;\606de22c47d6\;\138.95\;\EUR\;\\;\PURCHASE\;\105\
\SALE\;\2021-01-07T10:41:56.000+00:00\;\167b109a8133\;\82.95\;\EUR\;\\;\PURCHASE\;\105\
\SALE\;\2021-01-07T10:43:58.000+00:00\;\23282badb224\;\75.95\;\EUR\;\\;\PURCHASE\;\105\
\SALE\;\2021-01-07T10:52:10.000+00:00\;\afa6fd80c0fb\;\178.9\;\EUR\;\\;\PURCHASE\;\105\
\SALE\;\2021-01-07T14:13:32.000+00:00\;\efca6ea29d92\;\118.95\;\EUR\;\\;\PURCHASE\;\105\
\SALE\;\2021-01-07T15:38:56.000+00:00\;\85a8914011fc\;\180.95\;\EUR\;\\;\PURCHASE\;\105\
\SALE\;\2021-01-07T16:16:34.000+00:00\;\5c3e38838ed0\;\249.9\;\EUR\;\\;\PURCHASE\;\105\
\SALE\;\2021-01-07T16:37:20.000+00:00\;\c7b6fa15f93d\;\131.95\;\EUR\;\\;\PURCHASE\;\105\
\SALE\;\2021-01-07T18:09:42.000+00:00\;\829358b6e85a\;\168.95\;\EUR\;\\;\PURCHASE\;\105\
\SALE\;\2021-01-07T18:30:43.000+00:00\;\848d2fe12614\;\197.9\;\EUR\;\\;\PURCHASE\;\105\
\SALE\;\2021-01-08T11:14:55.000+00:00\;\e75f48cdff7e\;\131.95\;\EUR\;\\;\PURCHASE\;\105\
\SALE\;\2021-01-08T17:24:31.000+00:00\;\f2c5403bd042\;\225.9\;\EUR\;\\;\PURCHASE\;\105\
\SALE\;\2021-01-09T12:11:53.000+00:00\;\41238cf969d4\;\159.95\;\EUR\;\\;\PURCHASE\;\105\
\SALE\;\2021-01-10T06:33:04.000+00:00\;\c9536ea5a694\;\169\;\EUR\;\\;\PURCHASE\;\105\
\SALE\;\2021-01-10T07:33:02.000+00:00\;\9bb345c12a23\;\168.95\;\EUR\;\\;\PURCHASE\;\105\
\SALE\;\2021-01-10T08:58:47.000+00:00\;\6d2a6920f488\;\93.95\;\EUR\;\\;\PURCHASE\;\105\
\SALE\;\2021-01-10T12:27:17.000+00:00\;\4baaf5d192fa\;\11.95\;\EUR\;\\;\PURCHASE\;\105\
\SALE\;\2021-01-11T08:04:43.000+00:00\;\4897c4500127\;\131.95\;\EUR\;\\;\PURCHASE\;\105\
\SALE\;\2021-01-11T08:49:43.000+00:00\;\ef3848de9a2f\;\126.95\;\EUR\;\\;\PURCHASE\;\105\
\SALE\;\2021-01-11T08:54:30.000+00:00\;\d888dddc7949\;\117.9\;\EUR\;\\;\PURCHASE\;\105\
\SALE\;\2021-01-11T09:07:52.000+00:00\;\a4e42941933d\;\112.95\;\EUR\;\\;\PURCHASE\;\105\
\SALE\;\2021-01-11T09:18:07.000+00:00\;\61750d20bba1\;\113.95\;\EUR\;\\;\PURCHASE\;\105\
\SALE\;\2021-01-11T09:21:08.000+00:00\;\85ba542870e6\;\126.95\;\EUR\;\\;\PURCHASE\;\105\
\SALE\;\2021-01-11T13:03:18.000+00:00\;\03fec1a2735c\;\118.95\;\EUR\;\\;\PURCHASE\;\105\
\SALE\;\2021-01-11T15:38:11.000+00:00\;\f9be52d7dbd3\;\110.95\;\EUR\;\\;\PURCHASE\;\105\
\SALE\;\2021-01-12T09:55:23.000+00:00\;\67bcb9499540\;\53.95\;\EUR\;\\;\PURCHASE\;\105\
\SALE\;\2021-01-12T19:03:10.000+00:00\;\2f300292d2d5\;\15.9\;\EUR\;\\;\PURCHASE\;\105\
\SALE\;\2021-01-12T19:29:57.000+00:00\;\3a7ef2413a58\;\320.9\;\EUR\;\\;\PURCHASE\;\105\
\SALE\;\2021-01-13T11:26:29.000+00:00\;\6814dfd27848\;\138.95\;\EUR\;\\;\PURCHASE\;\105\
\SALE\;\2021-01-13T15:38:00.000+00:00\;\efb1c7b1de55\;\108.95\;\EUR\;\\;\PURCHASE\;\105\
\SALE\;\2021-01-13T18:09:34.000+00:00\;\761d3bd9f887\;\8.95\;\EUR\;\\;\PURCHASE\;\105\
\SALE\;\2021-01-13T20:07:53.000+00:00\;\df686b272e46\;\125.95\;\EUR\;\\;\PURCHASE\;\105\
\SALE\;\2021-01-13T23:37:36.000+00:00\;\2b4b59be0463\;\268\;\EUR\;\\;\PURCHASE\;\105\
\SALE\;\2021-01-14T07:33:54.000+00:00\;\bdc7c56af579\;\182.9\;\EUR\;\\;\PURCHASE\;\105\
\SALE\;\2021-01-14T11:54:24.000+00:00\;\4b5368998f59\;\229.95\;\EUR\;\\;\PURCHASE\;\105\
\SALE\;\2021-01-14T11:57:19.000+00:00\;\47b813ad6430\;\129\;\EUR\;\\;\PURCHASE\;\105\
\SALE\;\2021-01-14T14:13:26.000+00:00\;\33454164d4ba\;\83.95\;\EUR\;\\;\PURCHASE\;\105\
\SALE\;\2021-01-14T15:15:00.000+00:00\;\ffecc7591d95\;\199\;\EUR\;\\;\PURCHASE\;\105\
\SALE\;\2021-01-15T09:58:45.000+00:00\;\b63c318afcee\;\48.95\;\EUR\;\\;\PURCHASE\;\105\
\SALE\;\2021-01-15T11:27:38.000+00:00\;\f6cd6d8f0ff2\;\75.95\;\EUR\;\\;\PURCHASE\;\105\
\SALE\;\2021-01-15T11:28:39.000+00:00\;\e87855d3f82e\;\138.95\;\EUR\;\\;\PURCHASE\;\105\
\SALE\;\2021-01-15T11:29:15.000+00:00\;\b6d1fe21958d\;\152.95\;\EUR\;\\;\PURCHASE\;\105\
\SALE\;\2021-01-15T11:36:46.000+00:00\;\42c3578d000b\;\490.9\;\EUR\;\\;\PURCHASE\;\105\
\SALE\;\2021-01-15T14:03:26.000+00:00\;\635f9655be09\;\138.95\;\EUR\;\\;\PURCHASE\;\105\
\SALE\;\2021-01-15T16:53:10.000+00:00\;\92f31f0f851f\;\108.95\;\EUR\;\\;\PURCHASE\;\105\
\SALE\;\2021-01-15T19:51:14.000+00:00\;\0b9b3073c683\;\88.95\;\EUR\;\\;\PURCHASE\;\105\
\SALE\;\2021-01-15T22:10:14.000+00:00\;\b757d0ae8fa3\;\387\;\EUR\;\\;\PURCHASE\;\105\
\SALE\;\2021-01-16T10:09:13.000+00:00\;\7399db5d0778\;\98.95\;\EUR\;\\;\PURCHASE\;\105\
\SALE\;\2021-01-16T10:54:02.000+00:00\;\33159dd80361\;\189\;\EUR\;\\;\PURCHASE\;\105\
\SALE\;\2021-01-17T05:44:03.000+00:00\;\203943c4d2f3\;\365.8\;\EUR\;\\;\PURCHASE\;\105\
\SALE\;\2021-01-17T07:51:08.000+00:00\;\744cb4a57ae4\;\29.95\;\EUR\;\\;\PURCHASE\;\105\
\SALE\;\2021-01-17T10:45:26.000+00:00\;\6dd915aa0d13\;\167.95\;\EUR\;\\;\PURCHASE\;\105\
\SALE\;\2021-01-18T07:12:54.000+00:00\;\573eb6bd60d4\;\179\;\EUR\;\\;\PURCHASE\;\105\
\SALE\;\2021-01-18T08:05:39.000+00:00\;\b72d74fb77c1\;\76.95\;\EUR\;\\;\PURCHASE\;\105\
\SALE\;\2021-01-18T08:47:09.000+00:00\;\b0653213342c\;\561.95\;\EUR\;\\;\PURCHASE\;\105\
\SALE\;\2021-01-18T09:46:49.000+00:00\;\6e63f1c4b9fa\;\29.95\;\EUR\;\\;\PURCHASE\;\105\
\SALE\;\2021-01-18T10:12:24.000+00:00\;\02857d40f5dd\;\159.95\;\EUR\;\\;\PURCHASE\;\105\
\SALE\;\2021-01-18T10:16:08.000+00:00\;\def984e44cd2\;\112.95\;\EUR\;\\;\PURCHASE\;\105\
\SALE\;\2021-01-18T10:25:38.000+00:00\;\8ef999aab3fe\;\93.95\;\EUR\;\\;\PURCHASE\;\105\
\SALE\;\2021-01-18T10:37:10.000+00:00\;\3401bd49ff79\;\55.95\;\EUR\;\\;\PURCHASE\;\105\
\SALE\;\2021-01-18T10:39:36.000+00:00\;\c71b95d01ed3\;\86.95\;\EUR\;\\;\PURCHASE\;\105\
\SALE\;\2021-01-18T11:05:05.000+00:00\;\d49cbfc0f3a2\;\229\;\EUR\;\\;\PURCHASE\;\105\
\SALE\;\2021-01-18T11:20:20.000+00:00\;\5c29c998bbbc\;\112.95\;\EUR\;\\;\PURCHASE\;\105\
\SALE\;\2021-01-18T18:07:30.000+00:00\;\1aa13dcc5609\;\7.95\;\EUR\;\\;\PURCHASE\;\105\
\SALE\;\2021-01-18T19:51:32.000+00:00\;\a2be18de5a4b\;\15.9\;\EUR\;\\;\PURCHASE\;\105\
\SALE\;\2021-01-19T07:31:47.000+00:00\;\e767cd748f67\;\98.95\;\EUR\;\\;\PURCHASE\;\105\
\SALE\;\2021-01-19T09:22:05.000+00:00\;\adcbdd5b0fe7\;\230.9\;\EUR\;\\;\PURCHASE\;\105\
\SALE\;\2021-01-19T09:52:50.000+00:00\;\52c3bae69934\;\94.95\;\EUR\;\\;\PURCHASE\;\105\
\SALE\;\2021-01-19T16:01:25.000+00:00\;\27bd20af280b\;\149\;\EUR\;\\;\PURCHASE\;\105\
\SALE\;\2021-01-20T10:11:56.000+00:00\;\20fba714bd77\;\152.95\;\EUR\;\\;\PURCHASE\;\105\
\SALE\;\2021-01-20T19:00:56.000+00:00\;\e7a05a35b659\;\277.9\;\EUR\;\\;\PURCHASE\;\105\
\SALE\;\2021-01-20T22:17:14.000+00:00\;\4339277953a0\;\112.95\;\EUR\;\\;\PURCHASE\;\105\
\SALE\;\2021-01-21T09:53:28.000+00:00\;\3ca61bd6661b\;\228.8\;\EUR\;\\;\PURCHASE\;\105\
\SALE\;\2021-01-21T10:04:50.000+00:00\;\638cb03e26ba\;\78.95\;\EUR\;\\;\PURCHASE\;\105\
\SALE\;\2021-01-21T10:08:34.000+00:00\;\d498b155c4af\;\159.95\;\EUR\;\\;\PURCHASE\;\105\
\SALE\;\2021-01-21T10:17:25.000+00:00\;\085a13aff7ac\;\108.95\;\EUR\;\\;\PURCHASE\;\105\
\SALE\;\2021-01-21T10:20:25.000+00:00\;\3cc89ac02410\;\98.95\;\EUR\;\\;\PURCHASE\;\105\
\SALE\;\2021-01-21T10:50:07.000+00:00\;\4999a11fcf57\;\159.95\;\EUR\;\\;\PURCHASE\;\105\
\SALE\;\2021-01-21T14:31:18.000+00:00\;\120698d5582b\;\131.95\;\EUR\;\\;\PURCHASE\;\105\
\SALE\;\2021-01-21T16:30:55.000+00:00\;\4ae48f5d332e\;\159.95\;\EUR\;\\;\PURCHASE\;\105\
\SALE\;\2021-01-21T19:33:44.000+00:00\;\14f05891d85a\;\139\;\EUR\;\\;\PURCHASE\;\105\
\SALE\;\2021-01-21T20:02:38.000+00:00\;\837d8b44a6b7\;\149\;\EUR\;\\;\PURCHASE\;\105\
\SALE\;\2021-01-21T21:37:26.000+00:00\;\614aab4a1aa3\;\43.95\;\EUR\;\\;\PURCHASE\;\105\
\SALE\;\2021-01-21T22:10:21.000+00:00\;\b16747da007f\;\326.9\;\EUR\;\\;\PURCHASE\;\105\
\SALE\;\2021-01-22T05:29:04.000+00:00\;\c7d2e34bc971\;\239\;\EUR\;\\;\PURCHASE\;\105\
\SALE\;\2021-01-22T08:00:05.000+00:00\;\1c0fe79ef46d\;\129\;\EUR\;\\;\PURCHASE\;\105\
\SALE\;\2021-01-22T09:28:32.000+00:00\;\530c7db66e5e\;\159.95\;\EUR\;\\;\PURCHASE\;\105\
\SALE\;\2021-01-22T09:31:45.000+00:00\;\5799d07f570f\;\272.9\;\EUR\;\\;\PURCHASE\;\105\
\SALE\;\2021-01-22T09:33:16.000+00:00\;\5da89242db32\;\98.95\;\EUR\;\\;\PURCHASE\;\105\
\SALE\;\2021-01-22T10:09:43.000+00:00\;\ca32a77011b5\;\150.95\;\EUR\;\\;\PURCHASE\;\105\
\SALE\;\2021-01-22T11:09:36.000+00:00\;\d180822c5cee\;\112.95\;\EUR\;\\;\PURCHASE\;\105\
\SALE\;\2021-01-22T21:37:53.000+00:00\;\9938db63930c\;\149\;\EUR\;\\;\PURCHASE\;\105\
\SALE\;\2021-01-22T22:09:28.000+00:00\;\c9002d20ea57\;\153.95\;\EUR\;\\;\PURCHASE\;\105\
\SALE\;\2021-01-23T08:41:40.000+00:00\;\aaf9c2a00a3c\;\88.95\;\EUR\;\\;\PURCHASE\;\105\
\SALE\;\2021-01-23T09:11:58.000+00:00\;\a04fa2ee3e1f\;\179\;\EUR\;\\;\PURCHASE\;\105\
\SALE\;\2021-01-23T09:26:51.000+00:00\;\919388dd4f24\;\88.95\;\EUR\;\\;\PURCHASE\;\105\
\SALE\;\2021-01-23T09:41:55.000+00:00\;\f98123e83188\;\107.9\;\EUR\;\\;\PURCHASE\;\105\
\SALE\;\2021-01-23T11:42:35.000+00:00\;\3ef4cfd1dc7d\;\199\;\EUR\;\\;\PURCHASE\;\105\
\SALE\;\2021-01-24T09:05:37.000+00:00\;\15cc741addf2\;\419.9\;\EUR\;\\;\PURCHASE\;\105\
\SALE\;\2021-01-24T11:40:19.000+00:00\;\9e105d732fee\;\416.95\;\EUR\;\\;\PURCHASE\;\105\
\SALE\;\2021-01-25T07:17:53.000+00:00\;\1ac83905cfc2\;\149\;\EUR\;\\;\PURCHASE\;\105\
\SALE\;\2021-01-25T08:12:23.000+00:00\;\9caf69411029\;\159.95\;\EUR\;\\;\PURCHASE\;\105\
\SALE\;\2021-01-25T09:56:13.000+00:00\;\0b2fea50b058\;\78.95\;\EUR\;\\;\PURCHASE\;\105\
\SALE\;\2021-01-25T09:57:51.000+00:00\;\39a6db17f8ab\;\61.95\;\EUR\;\\;\PURCHASE\;\105\
\SALE\;\2021-01-25T09:59:32.000+00:00\;\603d36525967\;\86.95\;\EUR\;\\;\PURCHASE\;\105\
\SALE\;\2021-01-25T10:11:23.000+00:00\;\45ef83f2b7d9\;\333.9\;\EUR\;\\;\PURCHASE\;\105\
\SALE\;\2021-01-25T10:23:43.000+00:00\;\1a6b529850bb\;\355.85\;\EUR\;\\;\PURCHASE\;\105\
\SALE\;\2021-01-25T10:28:46.000+00:00\;\eaf359acbc4a\;\118.95\;\EUR\;\\;\PURCHASE\;\105\
\SALE\;\2021-01-25T10:52:43.000+00:00\;\39171f1666bb\;\117.95\;\EUR\;\\;\PURCHASE\;\105\
\SALE\;\2021-01-25T11:55:30.000+00:00\;\3bf10f955c4e\;\318\;\EUR\;\\;\PURCHASE\;\105\
\SALE\;\2021-01-25T13:54:36.000+00:00\;\e2ac3ddc8ee1\;\338.85\;\EUR\;\\;\PURCHASE\;\105\
\SALE\;\2021-01-25T16:21:07.000+00:00\;\167616816173\;\112.95\;\EUR\;\\;\PURCHASE\;\105\
\SALE\;\2021-01-26T05:35:44.000+00:00\;\826baeadfd8c\;\131.95\;\EUR\;\\;\PURCHASE\;\105\
\SALE\;\2021-01-26T06:08:58.000+00:00\;\c7ece70cf8ef\;\106.95\;\EUR\;\\;\PURCHASE\;\105\
\SALE\;\2021-01-26T08:32:22.000+00:00\;\6c0ba31a9337\;\164.9\;\EUR\;\\;\PURCHASE\;\105\
\SALE\;\2021-01-26T09:20:41.000+00:00\;\d93a919c00bb\;\68.95\;\EUR\;\\;\PURCHASE\;\105\
\SALE\;\2021-01-26T09:31:43.000+00:00\;\507a1a85935d\;\126.95\;\EUR\;\\;\PURCHASE\;\105\
\SALE\;\2021-01-26T10:30:50.000+00:00\;\7df5111c7c86\;\217.9\;\EUR\;\\;\PURCHASE\;\105\
\SALE\;\2021-01-26T10:33:14.000+00:00\;\337c46fdb87a\;\103.95\;\EUR\;\\;\PURCHASE\;\105\
\SALE\;\2021-01-26T14:07:20.000+00:00\;\df94144dda1a\;\124.95\;\EUR\;\\;\PURCHASE\;\105\
\SALE\;\2021-01-26T14:25:52.000+00:00\;\f136004c865e\;\83.95\;\EUR\;\\;\PURCHASE\;\105\
\SALE\;\2021-01-26T18:34:09.000+00:00\;\a51d3f41d95f\;\106.95\;\EUR\;\\;\PURCHASE\;\105\
\SALE\;\2021-01-26T18:49:12.000+00:00\;\9bab8b8a05bc\;\108.95\;\EUR\;\\;\PURCHASE\;\105\
\SALE\;\2021-01-27T08:19:31.000+00:00\;\d62c8f20f657\;\179\;\EUR\;\\;\PURCHASE\;\105\
\SALE\;\2021-01-27T09:46:27.000+00:00\;\4b7ba161a363\;\98.95\;\EUR\;\\;\PURCHASE\;\105\
\SALE\;\2021-01-27T09:54:04.000+00:00\;\1f94f4098b6c\;\107.9\;\EUR\;\\;\PURCHASE\;\105\
\SALE\;\2021-01-27T09:55:20.000+00:00\;\48acc0940804\;\58.95\;\EUR\;\\;\PURCHASE\;\105\
\SALE\;\2021-01-27T13:48:53.000+00:00\;\6b4051f09660\;\131.95\;\EUR\;\\;\PURCHASE\;\105\
\SALE\;\2021-01-27T18:36:06.000+00:00\;\7b0720694f47\;\7.95\;\EUR\;\\;\PURCHASE\;\105\
\SALE\;\2021-01-27T18:39:14.000+00:00\;\16da59b22c29\;\15.9\;\EUR\;\\;\PURCHASE\;\105\
\SALE\;\2021-01-28T01:44:40.000+00:00\;\37c66029a3f3\;\113.95\;\EUR\;\\;\PURCHASE\;\105\
\SALE\;\2021-01-28T09:04:00.000+00:00\;\4a8aeaeb96bf\;\93.95\;\EUR\;\\;\PURCHASE\;\105\
\SALE\;\2021-01-28T09:08:57.000+00:00\;\056e15acb93a\;\113.95\;\EUR\;\\;\PURCHASE\;\105\
\SALE\;\2021-01-28T09:37:59.000+00:00\;\627ee463db22\;\70.95\;\EUR\;\\;\PURCHASE\;\105\
\SALE\;\2021-01-28T10:27:49.000+00:00\;\b84dc60ac55c\;\23.85\;\EUR\;\\;\PURCHASE\;\105\
\SALE\;\2021-01-28T10:57:58.000+00:00\;\a6ece548b063\;\68.95\;\EUR\;\\;\PURCHASE\;\105\
\SALE\;\2021-01-28T15:29:14.000+00:00\;\e32e4726cc36\;\219\;\EUR\;\\;\PURCHASE\;\105\
\SALE\;\2021-01-28T18:58:04.000+00:00\;\831a513d530d\;\236.9\;\EUR\;\\;\PURCHASE\;\105\
\SALE\;\2021-01-28T19:05:37.000+00:00\;\a6cc2fbdb41d\;\8.95\;\EUR\;\\;\PURCHASE\;\105\
\SALE\;\2021-01-28T22:12:05.000+00:00\;\40f281a3a2f1\;\131.95\;\EUR\;\\;\PURCHASE\;\105\
\SALE\;\2021-01-29T01:39:37.000+00:00\;\578055409ed2\;\58.95\;\EUR\;\\;\PURCHASE\;\105\
\SALE\;\2021-01-29T08:58:35.000+00:00\;\46ba6cf8b7db\;\248.9\;\EUR\;\\;\PURCHASE\;\105\
\SALE\;\2021-01-29T09:08:08.000+00:00\;\9749f8efc336\;\142.95\;\EUR\;\\;\PURCHASE\;\105\
\SALE\;\2021-01-29T09:11:32.000+00:00\;\364548854961\;\180.95\;\EUR\;\\;\PURCHASE\;\105\
\SALE\;\2021-01-29T09:18:39.000+00:00\;\3d0b5aa70ac1\;\131.95\;\EUR\;\\;\PURCHASE\;\105\
\SALE\;\2021-01-29T09:30:46.000+00:00\;\d4a366f67ec5\;\459.9\;\EUR\;\\;\PURCHASE\;\105\
\SALE\;\2021-01-29T09:39:32.000+00:00\;\c49cb0fc2ce5\;\131.95\;\EUR\;\\;\PURCHASE\;\105\
\SALE\;\2021-01-29T09:42:50.000+00:00\;\e7a04951af1f\;\349\;\EUR\;\\;\PURCHASE\;\105\
\SALE\;\2021-01-29T12:06:31.000+00:00\;\cc90f59ddacb\;\136.95\;\EUR\;\\;\PURCHASE\;\105\
\SALE\;\2021-01-29T12:10:29.000+00:00\;\63239db3a336\;\152.95\;\EUR\;\\;\PURCHASE\;\105\
\SALE\;\2021-01-29T14:09:37.000+00:00\;\0811be1480ee\;\118.95\;\EUR\;\\;\PURCHASE\;\105\
\SALE\;\2021-01-29T14:47:47.000+00:00\;\ae7a03d570e0\;\149\;\EUR\;\\;\PURCHASE\;\105\
\SALE\;\2021-01-29T14:50:43.000+00:00\;\35dad1ff17e7\;\107.95\;\EUR\;\\;\PURCHASE\;\105\
\SALE\;\2021-01-29T15:22:18.000+00:00\;\e6b63e5a489a\;\159.95\;\EUR\;\\;\PURCHASE\;\105\
\SALE\;\2021-01-29T18:38:24.000+00:00\;\9e4da0a537b0\;\210.95\;\EUR\;\\;\PURCHASE\;\105\
\SALE\;\2021-01-30T02:40:53.000+00:00\;\576824336257\;\149\;\EUR\;\\;\PURCHASE\;\105\
\SALE\;\2021-01-30T13:47:59.000+00:00\;\2714c51bfa42\;\129\;\EUR\;\\;\PURCHASE\;\105\
\SALE\;\2021-01-31T10:09:12.000+00:00\;\97c122de1697\;\476.8\;\EUR\;\\;\PURCHASE\;\105\
\SALE\;\2021-01-31T10:57:53.000+00:00\;\572a5bc2079a\;\130.95\;\EUR\;\\;\PURCHASE\;\105\
\SALE\;\2021-01-01T05:32:00.000+00:00\;\d6caebbe62f7\;\88.95\;\EUR\;\\;\PURCHASE\;\105\
\SALE\;\2021-01-01T08:40:25.000+00:00\;\9b12d8beec60\;\277.9\;\EUR\;\\;\PURCHASE\;\105\
\SALE\;\2021-01-01T09:06:39.000+00:00\;\d9abe889c1d1\;\269.9\;\EUR\;\\;\PURCHASE\;\105\
\SALE\;\2021-01-01T09:12:25.000+00:00\;\e1c8b759e733\;\103.95\;\EUR\;\\;\PURCHASE\;\105\
\SALE\;\2021-01-01T09:18:09.000+00:00\;\94621b2136ad\;\230.85\;\EUR\;\\;\PURCHASE\;\105\
\SALE\;\2021-01-01T09:20:48.000+00:00\;\53cda1c956fc\;\134.9\;\EUR\;\\;\PURCHASE\;\105\
\SALE\;\2021-01-01T09:22:13.000+00:00\;\5fe9c21b956b\;\230.9\;\EUR\;\\;\PURCHASE\;\105\
\SALE\;\2021-01-01T09:33:15.000+00:00\;\e670810e084e\;\94.95\;\EUR\;\\;\PURCHASE\;\105\
\SALE\;\2021-01-01T09:53:29.000+00:00\;\65dfccb2da79\;\279\;\EUR\;\\;\PURCHASE\;\105\
\SALE\;\2021-01-01T09:58:28.000+00:00\;\e3e05ee65f44\;\166.9\;\EUR\;\\;\PURCHASE\;\105\
\SALE\;\2021-01-01T10:24:47.000+00:00\;\c040ba29e1aa\;\285.9\;\EUR\;\\;\PURCHASE\;\105\
\SALE\;\2021-01-01T11:45:25.000+00:00\;\adff1f5fcb0b\;\235.95\;\EUR\;\\;\PURCHASE\;\105\
\SALE\;\2021-01-01T11:54:24.000+00:00\;\e80e13256094\;\130.95\;\EUR\;\\;\PURCHASE\;\105\
\SALE\;\2021-01-01T15:12:48.000+00:00\;\e627c3c18215\;\124.95\;\EUR\;\\;\PURCHASE\;\105\
\SALE\;\2021-01-01T19:10:04.000+00:00\;\ebd40f025f91\;\263.95\;\EUR\;\\;\PURCHASE\;\105\
\SALE\;\2021-01-01T20:04:05.000+00:00\;\044ef1363783\;\131.95\;\EUR\;\\;\PURCHASE\;\105\
\SALE\;\2021-01-01T21:50:50.000+00:00\;\4f234b9267eb\;\272.95\;\EUR\;\\;\PURCHASE\;\105\
\SALE\;\2021-01-01T22:35:16.000+00:00\;\d4f00cb4a8e2\;\19.9\;\EUR\;\\;\PURCHASE\;\105\
\SALE\;\2021-01-02T09:30:24.000+00:00\;\2e0bce42736e\;\118.95\;\EUR\;\\;\PURCHASE\;\105\
\SALE\;\2021-01-02T09:39:39.000+00:00\;\8a3104e11a94\;\6.95\;\EUR\;\\;\PURCHASE\;\105\
\SALE\;\2021-01-02T12:14:58.000+00:00\;\558d2b6e2421\;\98.95\;\EUR\;\\;\PURCHASE\;\105\
\SALE\;\2021-01-02T18:13:04.000+00:00\;\7109abbc1ae0\;\258\;\EUR\;\\;\PURCHASE\;\105\
\SALE\;\2021-01-02T20:16:14.000+00:00\;\33f79c8d5b47\;\129\;\EUR\;\\;\PURCHASE\;\105\
\SALE\;\2021-01-02T21:24:53.000+00:00\;\c36189c1c952\;\7.95\;\EUR\;\\;\PURCHASE\;\105\
\SALE\;\2021-01-03T06:26:55.000+00:00\;\3a9d5b3f1dc8\;\335.85\;\EUR\;\\;\PURCHASE\;\105\
\SALE\;\2021-01-03T07:46:47.000+00:00\;\9fc2e5d0898f\;\131.95\;\EUR\;\\;\PURCHASE\;\105\
\SALE\;\2021-01-03T08:17:26.000+00:00\;\8085dac51bc5\;\142.95\;\EUR\;\\;\PURCHASE\;\105\
\SALE\;\2021-01-03T10:15:09.000+00:00\;\39c1ecb39519\;\11.95\;\EUR\;\\;\PURCHASE\;\105\
\SALE\;\2021-01-03T11:24:47.000+00:00\;\eb525c551ecd\;\79.9\;\EUR\;\\;\PURCHASE\;\105\
\SALE\;\2021-01-03T11:28:31.000+00:00\;\3d28ae68d971\;\219\;\EUR\;\\;\PURCHASE\;\105\
\SALE\;\2021-01-03T13:46:28.000+00:00\;\9ae7d15670e8\;\130.95\;\EUR\;\\;\PURCHASE\;\105\
\SALE\;\2021-01-04T07:43:50.000+00:00\;\e7937bf115cd\;\159.95\;\EUR\;\\;\PURCHASE\;\105\
\SALE\;\2021-01-04T09:30:33.000+00:00\;\8cf334cea943\;\68.95\;\EUR\;\\;\PURCHASE\;\105\
\SALE\;\2021-01-04T09:31:41.000+00:00\;\c78da719802b\;\172.95\;\EUR\;\\;\PURCHASE\;\105\
\SALE\;\2021-01-04T09:36:15.000+00:00\;\9eecb235b4f1\;\166.95\;\EUR\;\\;\PURCHASE\;\105\
\SALE\;\2021-01-04T10:02:46.000+00:00\;\34b34bcf4792\;\238\;\EUR\;\\;\PURCHASE\;\105\
\SALE\;\2021-01-04T11:05:23.000+00:00\;\c94f6617a468\;\118.95\;\EUR\;\\;\PURCHASE\;\105\
\SALE\;\2021-01-04T11:25:27.000+00:00\;\a9725cbce8fa\;\131.95\;\EUR\;\\;\PURCHASE\;\105\
\SALE\;\2021-01-04T11:59:08.000+00:00\;\e699929b273c\;\187.9\;\EUR\;\\;\PURCHASE\;\105\
\SALE\;\2021-01-04T15:31:51.000+00:00\;\e6946e078ec4\;\457\;\EUR\;\\;\PURCHASE\;\105\
\SALE\;\2021-01-04T16:28:03.000+00:00\;\a6d92c1333aa\;\199\;\EUR\;\\;\PURCHASE\;\105\
\SALE\;\2021-01-04T19:41:29.000+00:00\;\27ec8e377981\;\149\;\EUR\;\\;\PURCHASE\;\105\
\SALE\;\2021-01-04T19:46:40.000+00:00\;\2ffa41060df7\;\179\;\EUR\;\\;\PURCHASE\;\105\
\SALE\;\2021-01-05T10:05:10.000+00:00\;\5fe79d967db5\;\112.95\;\EUR\;\\;\PURCHASE\;\105\
\SALE\;\2021-01-05T10:07:51.000+00:00\;\28182033d9af\;\112.95\;\EUR\;\\;\PURCHASE\;\105\
\SALE\;\2021-01-05T10:11:33.000+00:00\;\fb8150bf8fad\;\118.95\;\EUR\;\\;\PURCHASE\;\105\
\SALE\;\2021-01-05T10:30:30.000+00:00\;\144e5ded40e4\;\166.85\;\EUR\;\\;\PURCHASE\;\105\
\SALE\;\2021-01-05T11:24:55.000+00:00\;\c92b17dd7d05\;\485.95\;\EUR\;\\;\PURCHASE\;\105\
\SALE\;\2021-01-05T14:33:10.000+00:00\;\4c615919eb3b\;\169\;\EUR\;\\;\PURCHASE\;\105\
\SALE\;\2021-01-05T16:10:22.000+00:00\;\c35a605eda17\;\7.95\;\EUR\;\\;\PURCHASE\;\105\
\SALE\;\2021-01-05T18:29:24.000+00:00\;\64890b4c0762\;\88.95\;\EUR\;\\;\PURCHASE\;\105\
\SALE\;\2021-01-05T18:45:02.000+00:00\;\b9f4de2a16cc\;\53.95\;\EUR\;\\;\PURCHASE\;\105\
\SALE\;\2021-01-06T06:19:58.000+00:00\;\4e8503e3999c\;\128.9\;\EUR\;\\;\PURCHASE\;\105\
\SALE\;\2021-01-06T09:17:33.000+00:00\;\a4f6da1ed75c\;\138.95\;\EUR\;\\;\PURCHASE\;\105\
\SALE\;\2021-01-06T09:52:21.000+00:00\;\047148f4c78b\;\126.95\;\EUR\;\\;\PURCHASE\;\105\
\SALE\;\2021-01-06T10:04:29.000+00:00\;\b15f3a0b67e1\;\93.95\;\EUR\;\\;\PURCHASE\;\105\
\SALE\;\2021-01-06T10:08:57.000+00:00\;\e8da819606e9\;\98.95\;\EUR\;\\;\PURCHASE\;\105\
\SALE\;\2021-01-06T10:15:04.000+00:00\;\6f40f50bab01\;\142.95\;\EUR\;\\;\PURCHASE\;\105\
\SALE\;\2021-01-06T10:44:23.000+00:00\;\a18e4673fee3\;\160.9\;\EUR\;\\;\PURCHASE\;\105\
\SALE\;\2021-01-06T15:40:18.000+00:00\;\6fbb03bef7b6\;\159\;\EUR\;\\;\PURCHASE\;\105\
\SALE\;\2021-01-06T16:34:12.000+00:00\;\2fb97f895e8a\;\98.95\;\EUR\;\\;\PURCHASE\;\105\
\SALE\;\2021-01-06T17:19:20.000+00:00\;\2e67a3f31bce\;\94.95\;\EUR\;\\;\PURCHASE\;\105\
\SALE\;\2021-01-06T20:16:49.000+00:00\;\33bf9e9702b9\;\168.95\;\EUR\;\\;\PURCHASE\;\105\
\SALE\;\2021-01-07T05:23:32.000+00:00\;\766a5edf6e61\;\153.95\;\EUR\;\\;\PURCHASE\;\105\
\SALE\;\2021-01-07T05:30:32.000+00:00\;\6f5312f3283f\;\207.9\;\EUR\;\\;\PURCHASE\;\105\
\SALE\;\2021-01-07T08:18:24.000+00:00\;\de6598421d9e\;\83.95\;\EUR\;\\;\PURCHASE\;\105\
\SALE\;\2021-01-08T07:23:17.000+00:00\;\9707e601f6b8\;\131.95\;\EUR\;\\;\PURCHASE\;\105\
\SALE\;\2021-01-08T09:27:30.000+00:00\;\b36c7ad43e93\;\197.9\;\EUR\;\\;\PURCHASE\;\105\
\SALE\;\2021-01-08T09:29:57.000+00:00\;\721ab56e5e73\;\361.9\;\EUR\;\\;\PURCHASE\;\105\
\SALE\;\2021-01-08T09:30:35.000+00:00\;\6f32522a7f6a\;\48.95\;\EUR\;\\;\PURCHASE\;\105\
\SALE\;\2021-01-08T09:33:00.000+00:00\;\03ceb439a20f\;\168.95\;\EUR\;\\;\PURCHASE\;\105\
\SALE\;\2021-01-08T10:03:00.000+00:00\;\7c8c094193b8\;\192.9\;\EUR\;\\;\PURCHASE\;\105\
\SALE\;\2021-01-08T10:04:29.000+00:00\;\8a0002a24fce\;\245.9\;\EUR\;\\;\PURCHASE\;\105\
\SALE\;\2021-01-08T10:08:24.000+00:00\;\b66bcdad700c\;\166.85\;\EUR\;\\;\PURCHASE\;\105\
\SALE\;\2021-01-08T10:15:03.000+00:00\;\2d1cc3e90acf\;\86.95\;\EUR\;\\;\PURCHASE\;\105\
\SALE\;\2021-01-08T10:38:22.000+00:00\;\c907e8a52384\;\118.8\;\EUR\;\\;\PURCHASE\;\105\
\SALE\;\2021-01-08T11:35:26.000+00:00\;\d9c97016669e\;\131.95\;\EUR\;\\;\PURCHASE\;\105\
\SALE\;\2021-01-09T02:46:51.000+00:00\;\5e277623a68e\;\139.95\;\EUR\;\\;\PURCHASE\;\105\
\SALE\;\2021-01-09T09:38:42.000+00:00\;\044f92c69111\;\93.95\;\EUR\;\\;\PURCHASE\;\105\
\SALE\;\2021-01-09T09:48:45.000+00:00\;\cafcf4ad6a44\;\159.95\;\EUR\;\\;\PURCHASE\;\105\
\SALE\;\2021-01-09T13:27:55.000+00:00\;\cd8edfdd7cf0\;\107.9\;\EUR\;\\;\PURCHASE\;\105\
\SALE\;\2021-01-10T04:05:47.000+00:00\;\0ea2be93cd45\;\93.95\;\EUR\;\\;\PURCHASE\;\105\
\SALE\;\2021-01-10T05:39:32.000+00:00\;\a10d0e37d7c6\;\311.9\;\EUR\;\\;\PURCHASE\;\105\
\SALE\;\2021-01-10T05:51:02.000+00:00\;\2c38a7a841d4\;\149\;\EUR\;\\;\PURCHASE\;\105\
\SALE\;\2021-01-10T16:54:59.000+00:00\;\73b553bd2540\;\179\;\EUR\;\\;\PURCHASE\;\105\
\SALE\;\2021-01-10T18:16:28.000+00:00\;\68ee6ab91243\;\131.95\;\EUR\;\\;\PURCHASE\;\105\
\SALE\;\2021-01-10T20:06:55.000+00:00\;\4608df0e7df1\;\127.9\;\EUR\;\\;\PURCHASE\;\104\
